Country,Code,HDI Rank,Year,HDI Index
Afghanistan,AFG,169,2000,0.35
Afghanistan,AFG,169,2001,0.353
Afghanistan,AFG,169,2002,0.384
Afghanistan,AFG,169,2003,0.393
Afghanistan,AFG,169,2004,0.409
Afghanistan,AFG,169,2005,0.418
Afghanistan,AFG,169,2006,0.429
Afghanistan,AFG,169,2007,0.447
Afghanistan,AFG,169,2008,0.447
Afghanistan,AFG,169,2009,0.46
Afghanistan,AFG,169,2010,0.472
Afghanistan,AFG,169,2011,0.477
Afghanistan,AFG,169,2012,0.489
Afghanistan,AFG,169,2013,0.496
Afghanistan,AFG,169,2014,0.5
Afghanistan,AFG,169,2015,0.5
Afghanistan,AFG,169,2016,0.502
Afghanistan,AFG,169,2017,0.506
Afghanistan,AFG,169,2018,0.509
Afghanistan,AFG,169,2019,0.511
Albania,ALB,69,2000,0.671
Albania,ALB,69,2001,0.678
Albania,ALB,69,2002,0.684
Albania,ALB,69,2003,0.691
Albania,ALB,69,2004,0.696
Albania,ALB,69,2005,0.706
Albania,ALB,69,2006,0.713
Albania,ALB,69,2007,0.722
Albania,ALB,69,2008,0.728
Albania,ALB,69,2009,0.733
Albania,ALB,69,2010,0.745
Albania,ALB,69,2011,0.764
Albania,ALB,69,2012,0.775
Albania,ALB,69,2013,0.782
Albania,ALB,69,2014,0.787
Albania,ALB,69,2015,0.788
Albania,ALB,69,2016,0.788
Albania,ALB,69,2017,0.79
Albania,ALB,69,2018,0.792
Albania,ALB,69,2019,0.795
Algeria,DZA,91,2000,0.637
Algeria,DZA,91,2001,0.647
Algeria,DZA,91,2002,0.657
Algeria,DZA,91,2003,0.667
Algeria,DZA,91,2004,0.677
Algeria,DZA,91,2005,0.685
Algeria,DZA,91,2006,0.69
Algeria,DZA,91,2007,0.7
Algeria,DZA,91,2008,0.702
Algeria,DZA,91,2009,0.711
Algeria,DZA,91,2010,0.721
Algeria,DZA,91,2011,0.728
Algeria,DZA,91,2012,0.728
Algeria,DZA,91,2013,0.729
Algeria,DZA,91,2014,0.736
Algeria,DZA,91,2015,0.74
Algeria,DZA,91,2016,0.743
Algeria,DZA,91,2017,0.745
Algeria,DZA,91,2018,0.746
Algeria,DZA,91,2019,0.748
Angola,AGO,148,2000,0.4
Angola,AGO,148,2001,0.41
Angola,AGO,148,2002,0.426
Angola,AGO,148,2003,0.435
Angola,AGO,148,2004,0.446
Angola,AGO,148,2005,0.46
Angola,AGO,148,2006,0.473
Angola,AGO,148,2007,0.489
Angola,AGO,148,2008,0.501
Angola,AGO,148,2009,0.515
Angola,AGO,148,2010,0.517
Angola,AGO,148,2011,0.533
Angola,AGO,148,2012,0.544
Angola,AGO,148,2013,0.555
Angola,AGO,148,2014,0.565
Angola,AGO,148,2015,0.572
Angola,AGO,148,2016,0.578
Angola,AGO,148,2017,0.582
Angola,AGO,148,2018,0.582
Angola,AGO,148,2019,0.581
Antigua and Barbuda,ATG,78,2000,..
Antigua and Barbuda,ATG,78,2001,..
Antigua and Barbuda,ATG,78,2002,..
Antigua and Barbuda,ATG,78,2003,..
Antigua and Barbuda,ATG,78,2004,..
Antigua and Barbuda,ATG,78,2005,0.764
Antigua and Barbuda,ATG,78,2006,0.771
Antigua and Barbuda,ATG,78,2007,0.776
Antigua and Barbuda,ATG,78,2008,0.774
Antigua and Barbuda,ATG,78,2009,0.767
Antigua and Barbuda,ATG,78,2010,0.763
Antigua and Barbuda,ATG,78,2011,0.755
Antigua and Barbuda,ATG,78,2012,0.759
Antigua and Barbuda,ATG,78,2013,0.76
Antigua and Barbuda,ATG,78,2014,0.76
Antigua and Barbuda,ATG,78,2015,0.762
Antigua and Barbuda,ATG,78,2016,0.765
Antigua and Barbuda,ATG,78,2017,0.768
Antigua and Barbuda,ATG,78,2018,0.772
Antigua and Barbuda,ATG,78,2019,0.778
Argentina,ARG,46,2000,0.781
Argentina,ARG,46,2001,0.786
Argentina,ARG,46,2002,0.781
Argentina,ARG,46,2003,0.786
Argentina,ARG,46,2004,0.787
Argentina,ARG,46,2005,0.788
Argentina,ARG,46,2006,0.812
Argentina,ARG,46,2007,0.817
Argentina,ARG,46,2008,0.821
Argentina,ARG,46,2009,0.821
Argentina,ARG,46,2010,0.829
Argentina,ARG,46,2011,0.835
Argentina,ARG,46,2012,0.834
Argentina,ARG,46,2013,0.835
Argentina,ARG,46,2014,0.836
Argentina,ARG,46,2015,0.84
Argentina,ARG,46,2016,0.839
Argentina,ARG,46,2017,0.843
Argentina,ARG,46,2018,0.842
Argentina,ARG,46,2019,0.845
Armenia,ARM,81,2000,0.669
Armenia,ARM,81,2001,0.673
Armenia,ARM,81,2002,0.682
Armenia,ARM,81,2003,0.691
Armenia,ARM,81,2004,0.7
Armenia,ARM,81,2005,0.712
Armenia,ARM,81,2006,0.726
Armenia,ARM,81,2007,0.741
Armenia,ARM,81,2008,0.745
Armenia,ARM,81,2009,0.742
Armenia,ARM,81,2010,0.747
Armenia,ARM,81,2011,0.751
Armenia,ARM,81,2012,0.756
Armenia,ARM,81,2013,0.762
Armenia,ARM,81,2014,0.764
Armenia,ARM,81,2015,0.768
Armenia,ARM,81,2016,0.766
Armenia,ARM,81,2017,0.769
Armenia,ARM,81,2018,0.771
Armenia,ARM,81,2019,0.776
Australia,AUS,8,2000,0.903
Australia,AUS,8,2001,0.905
Australia,AUS,8,2002,0.907
Australia,AUS,8,2003,0.909
Australia,AUS,8,2004,0.911
Australia,AUS,8,2005,0.906
Australia,AUS,8,2006,0.909
Australia,AUS,8,2007,0.912
Australia,AUS,8,2008,0.926
Australia,AUS,8,2009,0.928
Australia,AUS,8,2010,0.93
Australia,AUS,8,2011,0.932
Australia,AUS,8,2012,0.937
Australia,AUS,8,2013,0.931
Australia,AUS,8,2014,0.933
Australia,AUS,8,2015,0.938
Australia,AUS,8,2016,0.939
Australia,AUS,8,2017,0.941
Australia,AUS,8,2018,0.943
Australia,AUS,8,2019,0.944
Austria,AUT,18,2000,0.847
Austria,AUT,18,2001,0.857
Austria,AUT,18,2002,0.847
Austria,AUT,18,2003,0.851
Austria,AUT,18,2004,0.858
Austria,AUT,18,2005,0.863
Austria,AUT,18,2006,0.87
Austria,AUT,18,2007,0.89
Austria,AUT,18,2008,0.893
Austria,AUT,18,2009,0.895
Austria,AUT,18,2010,0.904
Austria,AUT,18,2011,0.906
Austria,AUT,18,2012,0.908
Austria,AUT,18,2013,0.905
Austria,AUT,18,2014,0.913
Austria,AUT,18,2015,0.915
Austria,AUT,18,2016,0.917
Austria,AUT,18,2017,0.919
Austria,AUT,18,2018,0.921
Austria,AUT,18,2019,0.922
Azerbaijan,AZE,88,2000,0.635
Azerbaijan,AZE,88,2001,0.643
Azerbaijan,AZE,88,2002,0.651
Azerbaijan,AZE,88,2003,0.659
Azerbaijan,AZE,88,2004,0.667
Azerbaijan,AZE,88,2005,0.674
Azerbaijan,AZE,88,2006,0.701
Azerbaijan,AZE,88,2007,0.706
Azerbaijan,AZE,88,2008,0.716
Azerbaijan,AZE,88,2009,0.727
Azerbaijan,AZE,88,2010,0.726
Azerbaijan,AZE,88,2011,0.727
Azerbaijan,AZE,88,2012,0.73
Azerbaijan,AZE,88,2013,0.735
Azerbaijan,AZE,88,2014,0.74
Azerbaijan,AZE,88,2015,0.744
Azerbaijan,AZE,88,2016,0.751
Azerbaijan,AZE,88,2017,0.754
Azerbaijan,AZE,88,2018,0.754
Azerbaijan,AZE,88,2019,0.756
Bahamas,BHS,58,2000,0.797
Bahamas,BHS,58,2001,0.798
Bahamas,BHS,58,2002,0.8
Bahamas,BHS,58,2003,0.799
Bahamas,BHS,58,2004,0.8
Bahamas,BHS,58,2005,0.801
Bahamas,BHS,58,2006,0.804
Bahamas,BHS,58,2007,0.804
Bahamas,BHS,58,2008,0.804
Bahamas,BHS,58,2009,0.803
Bahamas,BHS,58,2010,0.805
Bahamas,BHS,58,2011,0.805
Bahamas,BHS,58,2012,0.807
Bahamas,BHS,58,2013,0.806
Bahamas,BHS,58,2014,0.805
Bahamas,BHS,58,2015,0.808
Bahamas,BHS,58,2016,0.81
Bahamas,BHS,58,2017,0.812
Bahamas,BHS,58,2018,0.812
Bahamas,BHS,58,2019,0.814
Bahrain,BHR,42,2000,0.795
Bahrain,BHR,42,2001,0.796
Bahrain,BHR,42,2002,0.795
Bahrain,BHR,42,2003,0.797
Bahrain,BHR,42,2004,0.796
Bahrain,BHR,42,2005,0.795
Bahrain,BHR,42,2006,0.797
Bahrain,BHR,42,2007,0.799
Bahrain,BHR,42,2008,0.8
Bahrain,BHR,42,2009,0.798
Bahrain,BHR,42,2010,0.8
Bahrain,BHR,42,2011,0.801
Bahrain,BHR,42,2012,0.808
Bahrain,BHR,42,2013,0.815
Bahrain,BHR,42,2014,0.82
Bahrain,BHR,42,2015,0.848
Bahrain,BHR,42,2016,0.853
Bahrain,BHR,42,2017,0.854
Bahrain,BHR,42,2018,0.852
Bahrain,BHR,42,2019,0.852
Bangladesh,BGD,133,2000,0.478
Bangladesh,BGD,133,2001,0.486
Bangladesh,BGD,133,2002,0.492
Bangladesh,BGD,133,2003,0.499
Bangladesh,BGD,133,2004,0.506
Bangladesh,BGD,133,2005,0.514
Bangladesh,BGD,133,2006,0.521
Bangladesh,BGD,133,2007,0.528
Bangladesh,BGD,133,2008,0.531
Bangladesh,BGD,133,2009,0.543
Bangladesh,BGD,133,2010,0.557
Bangladesh,BGD,133,2011,0.566
Bangladesh,BGD,133,2012,0.575
Bangladesh,BGD,133,2013,0.579
Bangladesh,BGD,133,2014,0.579
Bangladesh,BGD,133,2015,0.595
Bangladesh,BGD,133,2016,0.606
Bangladesh,BGD,133,2017,0.616
Bangladesh,BGD,133,2018,0.625
Bangladesh,BGD,133,2019,0.632
Barbados,BRB,58,2000,0.771
Barbados,BRB,58,2001,0.77
Barbados,BRB,58,2002,0.774
Barbados,BRB,58,2003,0.778
Barbados,BRB,58,2004,0.782
Barbados,BRB,58,2005,0.787
Barbados,BRB,58,2006,0.791
Barbados,BRB,58,2007,0.796
Barbados,BRB,58,2008,0.8
Barbados,BRB,58,2009,0.8
Barbados,BRB,58,2010,0.797
Barbados,BRB,58,2011,0.799
Barbados,BRB,58,2012,0.808
Barbados,BRB,58,2013,0.807
Barbados,BRB,58,2014,0.808
Barbados,BRB,58,2015,0.809
Barbados,BRB,58,2016,0.811
Barbados,BRB,58,2017,0.81
Barbados,BRB,58,2018,0.81
Barbados,BRB,58,2019,0.814
Belarus,BLR,53,2000,0.686
Belarus,BLR,53,2001,0.692
Belarus,BLR,53,2002,0.699
Belarus,BLR,53,2003,0.707
Belarus,BLR,53,2004,0.717
Belarus,BLR,53,2005,0.727
Belarus,BLR,53,2006,0.744
Belarus,BLR,53,2007,0.76
Belarus,BLR,53,2008,0.777
Belarus,BLR,53,2009,0.787
Belarus,BLR,53,2010,0.795
Belarus,BLR,53,2011,0.801
Belarus,BLR,53,2012,0.806
Belarus,BLR,53,2013,0.811
Belarus,BLR,53,2014,0.814
Belarus,BLR,53,2015,0.814
Belarus,BLR,53,2016,0.815
Belarus,BLR,53,2017,0.819
Belarus,BLR,53,2018,0.823
Belarus,BLR,53,2019,0.823
Belgium,BEL,14,2000,0.88
Belgium,BEL,14,2001,0.883
Belgium,BEL,14,2002,0.886
Belgium,BEL,14,2003,0.889
Belgium,BEL,14,2004,0.893
Belgium,BEL,14,2005,0.897
Belgium,BEL,14,2006,0.904
Belgium,BEL,14,2007,0.907
Belgium,BEL,14,2008,0.906
Belgium,BEL,14,2009,0.907
Belgium,BEL,14,2010,0.91
Belgium,BEL,14,2011,0.911
Belgium,BEL,14,2012,0.913
Belgium,BEL,14,2013,0.916
Belgium,BEL,14,2014,0.918
Belgium,BEL,14,2015,0.922
Belgium,BEL,14,2016,0.924
Belgium,BEL,14,2017,0.929
Belgium,BEL,14,2018,0.93
Belgium,BEL,14,2019,0.931
Belize,BLZ,110,2000,0.64
Belize,BLZ,110,2001,0.644
Belize,BLZ,110,2002,0.651
Belize,BLZ,110,2003,0.659
Belize,BLZ,110,2004,0.665
Belize,BLZ,110,2005,0.662
Belize,BLZ,110,2006,0.672
Belize,BLZ,110,2007,0.674
Belize,BLZ,110,2008,0.679
Belize,BLZ,110,2009,0.684
Belize,BLZ,110,2010,0.695
Belize,BLZ,110,2011,0.694
Belize,BLZ,110,2012,0.701
Belize,BLZ,110,2013,0.702
Belize,BLZ,110,2014,0.705
Belize,BLZ,110,2015,0.71
Belize,BLZ,110,2016,0.717
Belize,BLZ,110,2017,0.714
Belize,BLZ,110,2018,0.714
Belize,BLZ,110,2019,0.716
Benin,BEN,158,2000,0.416
Benin,BEN,158,2001,0.428
Benin,BEN,158,2002,0.438
Benin,BEN,158,2003,0.445
Benin,BEN,158,2004,0.453
Benin,BEN,158,2005,0.459
Benin,BEN,158,2006,0.467
Benin,BEN,158,2007,0.475
Benin,BEN,158,2008,0.482
Benin,BEN,158,2009,0.488
Benin,BEN,158,2010,0.494
Benin,BEN,158,2011,0.5
Benin,BEN,158,2012,0.51
Benin,BEN,158,2013,0.522
Benin,BEN,158,2014,0.527
Benin,BEN,158,2015,0.532
Benin,BEN,158,2016,0.533
Benin,BEN,158,2017,0.536
Benin,BEN,158,2018,0.541
Benin,BEN,158,2019,0.545
Bhutan,BTN,129,2000,..
Bhutan,BTN,129,2001,..
Bhutan,BTN,129,2002,..
Bhutan,BTN,129,2003,..
Bhutan,BTN,129,2004,..
Bhutan,BTN,129,2005,0.52
Bhutan,BTN,129,2006,0.526
Bhutan,BTN,129,2007,0.542
Bhutan,BTN,129,2008,0.551
Bhutan,BTN,129,2009,0.561
Bhutan,BTN,129,2010,0.574
Bhutan,BTN,129,2011,0.585
Bhutan,BTN,129,2012,0.597
Bhutan,BTN,129,2013,0.61
Bhutan,BTN,129,2014,0.618
Bhutan,BTN,129,2015,0.628
Bhutan,BTN,129,2016,0.637
Bhutan,BTN,129,2017,0.646
Bhutan,BTN,129,2018,0.649
Bhutan,BTN,129,2019,0.654
Bosnia and Herzegovina,BIH,73,2000,0.679
Bosnia and Herzegovina,BIH,73,2001,0.684
Bosnia and Herzegovina,BIH,73,2002,0.689
Bosnia and Herzegovina,BIH,73,2003,0.695
Bosnia and Herzegovina,BIH,73,2004,0.701
Bosnia and Herzegovina,BIH,73,2005,0.706
Bosnia and Herzegovina,BIH,73,2006,0.712
Bosnia and Herzegovina,BIH,73,2007,0.719
Bosnia and Herzegovina,BIH,73,2008,0.726
Bosnia and Herzegovina,BIH,73,2009,0.727
Bosnia and Herzegovina,BIH,73,2010,0.721
Bosnia and Herzegovina,BIH,73,2011,0.729
Bosnia and Herzegovina,BIH,73,2012,0.748
Bosnia and Herzegovina,BIH,73,2013,0.755
Bosnia and Herzegovina,BIH,73,2014,0.758
Bosnia and Herzegovina,BIH,73,2015,0.761
Bosnia and Herzegovina,BIH,73,2016,0.772
Bosnia and Herzegovina,BIH,73,2017,0.774
Bosnia and Herzegovina,BIH,73,2018,0.777
Bosnia and Herzegovina,BIH,73,2019,0.78
Botswana,BWA,100,2000,0.581
Botswana,BWA,100,2001,0.582
Botswana,BWA,100,2002,0.579
Botswana,BWA,100,2003,0.586
Botswana,BWA,100,2004,0.592
Botswana,BWA,100,2005,0.601
Botswana,BWA,100,2006,0.615
Botswana,BWA,100,2007,0.628
Botswana,BWA,100,2008,0.641
Botswana,BWA,100,2009,0.65
Botswana,BWA,100,2010,0.663
Botswana,BWA,100,2011,0.677
Botswana,BWA,100,2012,0.689
Botswana,BWA,100,2013,0.701
Botswana,BWA,100,2014,0.711
Botswana,BWA,100,2015,0.717
Botswana,BWA,100,2016,0.72
Botswana,BWA,100,2017,0.726
Botswana,BWA,100,2018,0.73
Botswana,BWA,100,2019,0.735
Brazil,BRA,84,2000,0.685
Brazil,BRA,84,2001,0.691
Brazil,BRA,84,2002,0.699
Brazil,BRA,84,2003,0.695
Brazil,BRA,84,2004,0.698
Brazil,BRA,84,2005,0.7
Brazil,BRA,84,2006,0.702
Brazil,BRA,84,2007,0.706
Brazil,BRA,84,2008,0.717
Brazil,BRA,84,2009,0.719
Brazil,BRA,84,2010,0.727
Brazil,BRA,84,2011,0.731
Brazil,BRA,84,2012,0.735
Brazil,BRA,84,2013,0.753
Brazil,BRA,84,2014,0.756
Brazil,BRA,84,2015,0.756
Brazil,BRA,84,2016,0.758
Brazil,BRA,84,2017,0.761
Brazil,BRA,84,2018,0.762
Brazil,BRA,84,2019,0.765
Bulgaria,BGR,56,2000,0.72
Bulgaria,BGR,56,2001,0.73
Bulgaria,BGR,56,2002,0.736
Bulgaria,BGR,56,2003,0.745
Bulgaria,BGR,56,2004,0.752
Bulgaria,BGR,56,2005,0.758
Bulgaria,BGR,56,2006,0.765
Bulgaria,BGR,56,2007,0.773
Bulgaria,BGR,56,2008,0.78
Bulgaria,BGR,56,2009,0.782
Bulgaria,BGR,56,2010,0.788
Bulgaria,BGR,56,2011,0.791
Bulgaria,BGR,56,2012,0.795
Bulgaria,BGR,56,2013,0.801
Bulgaria,BGR,56,2014,0.806
Bulgaria,BGR,56,2015,0.809
Bulgaria,BGR,56,2016,0.811
Bulgaria,BGR,56,2017,0.811
Bulgaria,BGR,56,2018,0.813
Bulgaria,BGR,56,2019,0.816
Burkina Faso,BFA,182,2000,0.293
Burkina Faso,BFA,182,2001,0.298
Burkina Faso,BFA,182,2002,0.303
Burkina Faso,BFA,182,2003,0.31
Burkina Faso,BFA,182,2004,0.32
Burkina Faso,BFA,182,2005,0.332
Burkina Faso,BFA,182,2006,0.341
Burkina Faso,BFA,182,2007,0.352
Burkina Faso,BFA,182,2008,0.364
Burkina Faso,BFA,182,2009,0.373
Burkina Faso,BFA,182,2010,0.384
Burkina Faso,BFA,182,2011,0.394
Burkina Faso,BFA,182,2012,0.403
Burkina Faso,BFA,182,2013,0.41
Burkina Faso,BFA,182,2014,0.413
Burkina Faso,BFA,182,2015,0.422
Burkina Faso,BFA,182,2016,0.428
Burkina Faso,BFA,182,2017,0.439
Burkina Faso,BFA,182,2018,0.443
Burkina Faso,BFA,182,2019,0.452
Burundi,BDI,185,2000,0.3
Burundi,BDI,185,2001,0.301
Burundi,BDI,185,2002,0.311
Burundi,BDI,185,2003,0.319
Burundi,BDI,185,2004,0.33
Burundi,BDI,185,2005,0.337
Burundi,BDI,185,2006,0.359
Burundi,BDI,185,2007,0.371
Burundi,BDI,185,2008,0.384
Burundi,BDI,185,2009,0.401
Burundi,BDI,185,2010,0.411
Burundi,BDI,185,2011,0.419
Burundi,BDI,185,2012,0.426
Burundi,BDI,185,2013,0.432
Burundi,BDI,185,2014,0.438
Burundi,BDI,185,2015,0.437
Burundi,BDI,185,2016,0.438
Burundi,BDI,185,2017,0.434
Burundi,BDI,185,2018,0.431
Burundi,BDI,185,2019,0.433
Cambodia,KHM,144,2000,0.424
Cambodia,KHM,144,2001,0.438
Cambodia,KHM,144,2002,0.457
Cambodia,KHM,144,2003,0.47
Cambodia,KHM,144,2004,0.482
Cambodia,KHM,144,2005,0.494
Cambodia,KHM,144,2006,0.506
Cambodia,KHM,144,2007,0.52
Cambodia,KHM,144,2008,0.525
Cambodia,KHM,144,2009,0.528
Cambodia,KHM,144,2010,0.539
Cambodia,KHM,144,2011,0.546
Cambodia,KHM,144,2012,0.552
Cambodia,KHM,144,2013,0.559
Cambodia,KHM,144,2014,0.565
Cambodia,KHM,144,2015,0.57
Cambodia,KHM,144,2016,0.576
Cambodia,KHM,144,2017,0.582
Cambodia,KHM,144,2018,0.585
Cambodia,KHM,144,2019,0.594
Cameroon,CMR,153,2000,0.44
Cameroon,CMR,153,2001,0.456
Cameroon,CMR,153,2002,0.458
Cameroon,CMR,153,2003,0.464
Cameroon,CMR,153,2004,0.469
Cameroon,CMR,153,2005,0.47
Cameroon,CMR,153,2006,0.471
Cameroon,CMR,153,2007,0.482
Cameroon,CMR,153,2008,0.49
Cameroon,CMR,153,2009,0.498
Cameroon,CMR,153,2010,0.505
Cameroon,CMR,153,2011,0.514
Cameroon,CMR,153,2012,0.525
Cameroon,CMR,153,2013,0.534
Cameroon,CMR,153,2014,0.54
Cameroon,CMR,153,2015,0.549
Cameroon,CMR,153,2016,0.553
Cameroon,CMR,153,2017,0.557
Cameroon,CMR,153,2018,0.56
Cameroon,CMR,153,2019,0.563
Canada,CAN,16,2000,0.867
Canada,CAN,16,2001,0.871
Canada,CAN,16,2002,0.877
Canada,CAN,16,2003,0.882
Canada,CAN,16,2004,0.888
Canada,CAN,16,2005,0.894
Canada,CAN,16,2006,0.898
Canada,CAN,16,2007,0.896
Canada,CAN,16,2008,0.898
Canada,CAN,16,2009,0.898
Canada,CAN,16,2010,0.901
Canada,CAN,16,2011,0.903
Canada,CAN,16,2012,0.906
Canada,CAN,16,2013,0.913
Canada,CAN,16,2014,0.918
Canada,CAN,16,2015,0.921
Canada,CAN,16,2016,0.923
Canada,CAN,16,2017,0.926
Canada,CAN,16,2018,0.928
Canada,CAN,16,2019,0.929
Central African Republic,CAF,188,2000,0.325
Central African Republic,CAF,188,2001,0.327
Central African Republic,CAF,188,2002,0.328
Central African Republic,CAF,188,2003,0.328
Central African Republic,CAF,188,2004,0.331
Central African Republic,CAF,188,2005,0.336
Central African Republic,CAF,188,2006,0.342
Central African Republic,CAF,188,2007,0.347
Central African Republic,CAF,188,2008,0.352
Central African Republic,CAF,188,2009,0.356
Central African Republic,CAF,188,2010,0.365
Central African Republic,CAF,188,2011,0.374
Central African Republic,CAF,188,2012,0.381
Central African Republic,CAF,188,2013,0.363
Central African Republic,CAF,188,2014,0.368
Central African Republic,CAF,188,2015,0.375
Central African Republic,CAF,188,2016,0.382
Central African Republic,CAF,188,2017,0.391
Central African Republic,CAF,188,2018,0.395
Central African Republic,CAF,188,2019,0.397
Chad,TCD,187,2000,0.293
Chad,TCD,187,2001,0.301
Chad,TCD,187,2002,0.307
Chad,TCD,187,2003,0.305
Chad,TCD,187,2004,0.324
Chad,TCD,187,2005,0.327
Chad,TCD,187,2006,0.33
Chad,TCD,187,2007,0.34
Chad,TCD,187,2008,0.346
Chad,TCD,187,2009,0.361
Chad,TCD,187,2010,0.369
Chad,TCD,187,2011,0.38
Chad,TCD,187,2012,0.388
Chad,TCD,187,2013,0.394
Chad,TCD,187,2014,0.401
Chad,TCD,187,2015,0.398
Chad,TCD,187,2016,0.393
Chad,TCD,187,2017,0.396
Chad,TCD,187,2018,0.397
Chad,TCD,187,2019,0.398
Chile,CHL,43,2000,0.756
Chile,CHL,43,2001,0.767
Chile,CHL,43,2002,0.769
Chile,CHL,43,2003,0.776
Chile,CHL,43,2004,0.785
Chile,CHL,43,2005,0.791
Chile,CHL,43,2006,0.791
Chile,CHL,43,2007,0.804
Chile,CHL,43,2008,0.814
Chile,CHL,43,2009,0.822
Chile,CHL,43,2010,0.803
Chile,CHL,43,2011,0.815
Chile,CHL,43,2012,0.821
Chile,CHL,43,2013,0.826
Chile,CHL,43,2014,0.837
Chile,CHL,43,2015,0.842
Chile,CHL,43,2016,0.845
Chile,CHL,43,2017,0.847
Chile,CHL,43,2018,0.849
Chile,CHL,43,2019,0.851
China,CHN,85,2000,0.588
China,CHN,85,2001,0.596
China,CHN,85,2002,0.606
China,CHN,85,2003,0.618
China,CHN,85,2004,0.628
China,CHN,85,2005,0.64
China,CHN,85,2006,0.653
China,CHN,85,2007,0.667
China,CHN,85,2008,0.678
China,CHN,85,2009,0.687
China,CHN,85,2010,0.699
China,CHN,85,2011,0.707
China,CHN,85,2012,0.716
China,CHN,85,2013,0.724
China,CHN,85,2014,0.731
China,CHN,85,2015,0.739
China,CHN,85,2016,0.746
China,CHN,85,2017,0.75
China,CHN,85,2018,0.755
China,CHN,85,2019,0.761
Colombia,COL,83,2000,0.666
Colombia,COL,83,2001,0.668
Colombia,COL,83,2002,0.671
Colombia,COL,83,2003,0.67
Colombia,COL,83,2004,0.684
Colombia,COL,83,2005,0.689
Colombia,COL,83,2006,0.698
Colombia,COL,83,2007,0.711
Colombia,COL,83,2008,0.718
Colombia,COL,83,2009,0.72
Colombia,COL,83,2010,0.729
Colombia,COL,83,2011,0.734
Colombia,COL,83,2012,0.739
Colombia,COL,83,2013,0.742
Colombia,COL,83,2014,0.753
Colombia,COL,83,2015,0.756
Colombia,COL,83,2016,0.76
Colombia,COL,83,2017,0.763
Colombia,COL,83,2018,0.764
Colombia,COL,83,2019,0.767
Comoros,COM,156,2000,0.465
Comoros,COM,156,2001,0.47
Comoros,COM,156,2002,0.475
Comoros,COM,156,2003,0.481
Comoros,COM,156,2004,0.483
Comoros,COM,156,2005,0.489
Comoros,COM,156,2006,0.495
Comoros,COM,156,2007,0.501
Comoros,COM,156,2008,0.508
Comoros,COM,156,2009,0.514
Comoros,COM,156,2010,0.521
Comoros,COM,156,2011,0.533
Comoros,COM,156,2012,0.538
Comoros,COM,156,2013,0.542
Comoros,COM,156,2014,0.543
Comoros,COM,156,2015,0.545
Comoros,COM,156,2016,0.547
Comoros,COM,156,2017,0.55
Comoros,COM,156,2018,0.552
Comoros,COM,156,2019,0.554
Congo,COG,149,2000,0.461
Congo,COG,149,2001,0.468
Congo,COG,149,2002,0.471
Congo,COG,149,2003,0.471
Congo,COG,149,2004,0.473
Congo,COG,149,2005,0.469
Congo,COG,149,2006,0.47
Congo,COG,149,2007,0.486
Congo,COG,149,2008,0.501
Congo,COG,149,2009,0.514
Congo,COG,149,2010,0.52
Congo,COG,149,2011,0.522
Congo,COG,149,2012,0.535
Congo,COG,149,2013,0.545
Congo,COG,149,2014,0.56
Congo,COG,149,2015,0.58
Congo,COG,149,2016,0.578
Congo,COG,149,2017,0.574
Congo,COG,149,2018,0.573
Congo,COG,149,2019,0.574
Costa Rica,CRI,62,2000,0.721
Costa Rica,CRI,62,2001,0.725
Costa Rica,CRI,62,2002,0.728
Costa Rica,CRI,62,2003,0.731
Costa Rica,CRI,62,2004,0.735
Costa Rica,CRI,62,2005,0.738
Costa Rica,CRI,62,2006,0.745
Costa Rica,CRI,62,2007,0.753
Costa Rica,CRI,62,2008,0.761
Costa Rica,CRI,62,2009,0.762
Costa Rica,CRI,62,2010,0.765
Costa Rica,CRI,62,2011,0.778
Costa Rica,CRI,62,2012,0.783
Costa Rica,CRI,62,2013,0.788
Costa Rica,CRI,62,2014,0.796
Costa Rica,CRI,62,2015,0.797
Costa Rica,CRI,62,2016,0.801
Costa Rica,CRI,62,2017,0.804
Costa Rica,CRI,62,2018,0.808
Costa Rica,CRI,62,2019,0.81
Cote d'Ivoire,CIV,162,2000,0.421
Cote d'Ivoire,CIV,162,2001,0.424
Cote d'Ivoire,CIV,162,2002,0.426
Cote d'Ivoire,CIV,162,2003,0.429
Cote d'Ivoire,CIV,162,2004,0.433
Cote d'Ivoire,CIV,162,2005,0.438
Cote d'Ivoire,CIV,162,2006,0.443
Cote d'Ivoire,CIV,162,2007,0.449
Cote d'Ivoire,CIV,162,2008,0.455
Cote d'Ivoire,CIV,162,2009,0.462
Cote d'Ivoire,CIV,162,2010,0.468
Cote d'Ivoire,CIV,162,2011,0.472
Cote d'Ivoire,CIV,162,2012,0.482
Cote d'Ivoire,CIV,162,2013,0.49
Cote d'Ivoire,CIV,162,2014,0.492
Cote d'Ivoire,CIV,162,2015,0.503
Cote d'Ivoire,CIV,162,2016,0.513
Cote d'Ivoire,CIV,162,2017,0.525
Cote d'Ivoire,CIV,162,2018,0.534
Cote d'Ivoire,CIV,162,2019,0.538
Croatia,HRV,43,2000,0.757
Croatia,HRV,43,2001,0.768
Croatia,HRV,43,2002,0.774
Croatia,HRV,43,2003,0.78
Croatia,HRV,43,2004,0.786
Croatia,HRV,43,2005,0.792
Croatia,HRV,43,2006,0.798
Croatia,HRV,43,2007,0.808
Croatia,HRV,43,2008,0.813
Croatia,HRV,43,2009,0.812
Croatia,HRV,43,2010,0.815
Croatia,HRV,43,2011,0.823
Croatia,HRV,43,2012,0.825
Croatia,HRV,43,2013,0.83
Croatia,HRV,43,2014,0.835
Croatia,HRV,43,2015,0.84
Croatia,HRV,43,2016,0.841
Croatia,HRV,43,2017,0.845
Croatia,HRV,43,2018,0.848
Croatia,HRV,43,2019,0.851
Cuba,CUB,70,2000,0.691
Cuba,CUB,70,2001,0.696
Cuba,CUB,70,2002,0.698
Cuba,CUB,70,2003,0.708
Cuba,CUB,70,2004,0.722
Cuba,CUB,70,2005,0.734
Cuba,CUB,70,2006,0.756
Cuba,CUB,70,2007,0.772
Cuba,CUB,70,2008,0.783
Cuba,CUB,70,2009,0.785
Cuba,CUB,70,2010,0.781
Cuba,CUB,70,2011,0.78
Cuba,CUB,70,2012,0.769
Cuba,CUB,70,2013,0.766
Cuba,CUB,70,2014,0.767
Cuba,CUB,70,2015,0.772
Cuba,CUB,70,2016,0.773
Cuba,CUB,70,2017,0.777
Cuba,CUB,70,2018,0.781
Cuba,CUB,70,2019,0.783
Cyprus,CYP,33,2000,0.804
Cyprus,CYP,33,2001,0.81
Cyprus,CYP,33,2002,0.819
Cyprus,CYP,33,2003,0.828
Cyprus,CYP,33,2004,0.831
Cyprus,CYP,33,2005,0.836
Cyprus,CYP,33,2006,0.842
Cyprus,CYP,33,2007,0.849
Cyprus,CYP,33,2008,0.858
Cyprus,CYP,33,2009,0.862
Cyprus,CYP,33,2010,0.856
Cyprus,CYP,33,2011,0.86
Cyprus,CYP,33,2012,0.859
Cyprus,CYP,33,2013,0.86
Cyprus,CYP,33,2014,0.862
Cyprus,CYP,33,2015,0.865
Cyprus,CYP,33,2016,0.873
Cyprus,CYP,33,2017,0.878
Cyprus,CYP,33,2018,0.885
Cyprus,CYP,33,2019,0.887
Czechia,CZE,27,2000,0.804
Czechia,CZE,27,2001,0.814
Czechia,CZE,27,2002,0.821
Czechia,CZE,27,2003,0.83
Czechia,CZE,27,2004,0.834
Czechia,CZE,27,2005,0.843
Czechia,CZE,27,2006,0.852
Czechia,CZE,27,2007,0.858
Czechia,CZE,27,2008,0.863
Czechia,CZE,27,2009,0.866
Czechia,CZE,27,2010,0.87
Czechia,CZE,27,2011,0.874
Czechia,CZE,27,2012,0.874
Czechia,CZE,27,2013,0.882
Czechia,CZE,27,2014,0.888
Czechia,CZE,27,2015,0.891
Czechia,CZE,27,2016,0.893
Czechia,CZE,27,2017,0.896
Czechia,CZE,27,2018,0.898
Czechia,CZE,27,2019,0.9
Denmark,DNK,10,2000,0.87
Denmark,DNK,10,2001,0.883
Denmark,DNK,10,2002,0.89
Denmark,DNK,10,2003,0.901
Denmark,DNK,10,2004,0.905
Denmark,DNK,10,2005,0.91
Denmark,DNK,10,2006,0.912
Denmark,DNK,10,2007,0.911
Denmark,DNK,10,2008,0.917
Denmark,DNK,10,2009,0.914
Denmark,DNK,10,2010,0.917
Denmark,DNK,10,2011,0.93
Denmark,DNK,10,2012,0.931
Denmark,DNK,10,2013,0.933
Denmark,DNK,10,2014,0.935
Denmark,DNK,10,2015,0.933
Denmark,DNK,10,2016,0.935
Denmark,DNK,10,2017,0.936
Denmark,DNK,10,2018,0.939
Denmark,DNK,10,2019,0.94
Djibouti,DJI,166,2000,0.36
Djibouti,DJI,166,2001,0.369
Djibouti,DJI,166,2002,0.375
Djibouti,DJI,166,2003,0.385
Djibouti,DJI,166,2004,0.393
Djibouti,DJI,166,2005,0.402
Djibouti,DJI,166,2006,0.413
Djibouti,DJI,166,2007,0.423
Djibouti,DJI,166,2008,0.432
Djibouti,DJI,166,2009,0.442
Djibouti,DJI,166,2010,0.454
Djibouti,DJI,166,2011,0.463
Djibouti,DJI,166,2012,0.474
Djibouti,DJI,166,2013,0.484
Djibouti,DJI,166,2014,0.492
Djibouti,DJI,166,2015,0.499
Djibouti,DJI,166,2016,0.505
Djibouti,DJI,166,2017,0.51
Djibouti,DJI,166,2018,0.518
Djibouti,DJI,166,2019,0.524
Dominican Republic,DOM,88,2000,0.659
Dominican Republic,DOM,88,2001,0.663
Dominican Republic,DOM,88,2002,0.668
Dominican Republic,DOM,88,2003,0.669
Dominican Republic,DOM,88,2004,0.672
Dominican Republic,DOM,88,2005,0.681
Dominican Republic,DOM,88,2006,0.688
Dominican Republic,DOM,88,2007,0.694
Dominican Republic,DOM,88,2008,0.698
Dominican Republic,DOM,88,2009,0.7
Dominican Republic,DOM,88,2010,0.706
Dominican Republic,DOM,88,2011,0.71
Dominican Republic,DOM,88,2012,0.714
Dominican Republic,DOM,88,2013,0.718
Dominican Republic,DOM,88,2014,0.73
Dominican Republic,DOM,88,2015,0.738
Dominican Republic,DOM,88,2016,0.743
Dominican Republic,DOM,88,2017,0.746
Dominican Republic,DOM,88,2018,0.751
Dominican Republic,DOM,88,2019,0.756
Ecuador,ECU,86,2000,0.675
Ecuador,ECU,86,2001,0.68
Ecuador,ECU,86,2002,0.684
Ecuador,ECU,86,2003,0.687
Ecuador,ECU,86,2004,0.693
Ecuador,ECU,86,2005,0.698
Ecuador,ECU,86,2006,0.701
Ecuador,ECU,86,2007,0.71
Ecuador,ECU,86,2008,0.717
Ecuador,ECU,86,2009,0.719
Ecuador,ECU,86,2010,0.726
Ecuador,ECU,86,2011,0.732
Ecuador,ECU,86,2012,0.751
Ecuador,ECU,86,2013,0.754
Ecuador,ECU,86,2014,0.756
Ecuador,ECU,86,2015,0.764
Ecuador,ECU,86,2016,0.758
Ecuador,ECU,86,2017,0.76
Ecuador,ECU,86,2018,0.762
Ecuador,ECU,86,2019,0.759
Egypt,EGY,116,2000,0.613
Egypt,EGY,116,2001,0.618
Egypt,EGY,116,2002,0.622
Egypt,EGY,116,2003,0.625
Egypt,EGY,116,2004,0.631
Egypt,EGY,116,2005,0.637
Egypt,EGY,116,2006,0.645
Egypt,EGY,116,2007,0.653
Egypt,EGY,116,2008,0.66
Egypt,EGY,116,2009,0.662
Egypt,EGY,116,2010,0.668
Egypt,EGY,116,2011,0.671
Egypt,EGY,116,2012,0.677
Egypt,EGY,116,2013,0.683
Egypt,EGY,116,2014,0.685
Egypt,EGY,116,2015,0.691
Egypt,EGY,116,2016,0.696
Egypt,EGY,116,2017,0.698
Egypt,EGY,116,2018,0.701
Egypt,EGY,116,2019,0.707
El Salvador,SLV,124,2000,0.615
El Salvador,SLV,124,2001,0.62
El Salvador,SLV,124,2002,0.627
El Salvador,SLV,124,2003,0.633
El Salvador,SLV,124,2004,0.639
El Salvador,SLV,124,2005,0.646
El Salvador,SLV,124,2006,0.653
El Salvador,SLV,124,2007,0.652
El Salvador,SLV,124,2008,0.655
El Salvador,SLV,124,2009,0.656
El Salvador,SLV,124,2010,0.668
El Salvador,SLV,124,2011,0.664
El Salvador,SLV,124,2012,0.669
El Salvador,SLV,124,2013,0.67
El Salvador,SLV,124,2014,0.668
El Salvador,SLV,124,2015,0.668
El Salvador,SLV,124,2016,0.671
El Salvador,SLV,124,2017,0.671
El Salvador,SLV,124,2018,0.67
El Salvador,SLV,124,2019,0.673
Equatorial Guinea,GNQ,145,2000,0.525
Equatorial Guinea,GNQ,145,2001,0.534
Equatorial Guinea,GNQ,145,2002,0.546
Equatorial Guinea,GNQ,145,2003,0.547
Equatorial Guinea,GNQ,145,2004,0.554
Equatorial Guinea,GNQ,145,2005,0.565
Equatorial Guinea,GNQ,145,2006,0.576
Equatorial Guinea,GNQ,145,2007,0.582
Equatorial Guinea,GNQ,145,2008,0.583
Equatorial Guinea,GNQ,145,2009,0.585
Equatorial Guinea,GNQ,145,2010,0.576
Equatorial Guinea,GNQ,145,2011,0.58
Equatorial Guinea,GNQ,145,2012,0.584
Equatorial Guinea,GNQ,145,2013,0.585
Equatorial Guinea,GNQ,145,2014,0.586
Equatorial Guinea,GNQ,145,2015,0.589
Equatorial Guinea,GNQ,145,2016,0.588
Equatorial Guinea,GNQ,145,2017,0.584
Equatorial Guinea,GNQ,145,2018,0.582
Equatorial Guinea,GNQ,145,2019,0.592
Eritrea,ERI,180,2000,..
Eritrea,ERI,180,2001,..
Eritrea,ERI,180,2002,..
Eritrea,ERI,180,2003,..
Eritrea,ERI,180,2004,..
Eritrea,ERI,180,2005,0.427
Eritrea,ERI,180,2006,0.428
Eritrea,ERI,180,2007,0.43
Eritrea,ERI,180,2008,0.426
Eritrea,ERI,180,2009,0.436
Eritrea,ERI,180,2010,0.436
Eritrea,ERI,180,2011,0.436
Eritrea,ERI,180,2012,0.441
Eritrea,ERI,180,2013,0.446
Eritrea,ERI,180,2014,0.457
Eritrea,ERI,180,2015,0.454
Eritrea,ERI,180,2016,0.456
Eritrea,ERI,180,2017,0.454
Eritrea,ERI,180,2018,0.456
Eritrea,ERI,180,2019,0.459
Estonia,EST,29,2000,0.787
Estonia,EST,29,2001,0.797
Estonia,EST,29,2002,0.805
Estonia,EST,29,2003,0.813
Estonia,EST,29,2004,0.821
Estonia,EST,29,2005,0.832
Estonia,EST,29,2006,0.839
Estonia,EST,29,2007,0.846
Estonia,EST,29,2008,0.848
Estonia,EST,29,2009,0.846
Estonia,EST,29,2010,0.852
Estonia,EST,29,2011,0.86
Estonia,EST,29,2012,0.865
Estonia,EST,29,2013,0.869
Estonia,EST,29,2014,0.871
Estonia,EST,29,2015,0.877
Estonia,EST,29,2016,0.881
Estonia,EST,29,2017,0.885
Estonia,EST,29,2018,0.889
Estonia,EST,29,2019,0.892
Ethiopia,ETH,173,2000,0.292
Ethiopia,ETH,173,2001,0.306
Ethiopia,ETH,173,2002,0.315
Ethiopia,ETH,173,2003,0.319
Ethiopia,ETH,173,2004,0.334
Ethiopia,ETH,173,2005,0.355
Ethiopia,ETH,173,2006,0.371
Ethiopia,ETH,173,2007,0.386
Ethiopia,ETH,173,2008,0.403
Ethiopia,ETH,173,2009,0.411
Ethiopia,ETH,173,2010,0.421
Ethiopia,ETH,173,2011,0.432
Ethiopia,ETH,173,2012,0.438
Ethiopia,ETH,173,2013,0.447
Ethiopia,ETH,173,2014,0.455
Ethiopia,ETH,173,2015,0.462
Ethiopia,ETH,173,2016,0.467
Ethiopia,ETH,173,2017,0.474
Ethiopia,ETH,173,2018,0.478
Ethiopia,ETH,173,2019,0.485
Fiji,FJI,93,2000,0.695
Fiji,FJI,93,2001,0.698
Fiji,FJI,93,2002,0.7
Fiji,FJI,93,2003,0.702
Fiji,FJI,93,2004,0.709
Fiji,FJI,93,2005,0.705
Fiji,FJI,93,2006,0.708
Fiji,FJI,93,2007,0.711
Fiji,FJI,93,2008,0.712
Fiji,FJI,93,2009,0.715
Fiji,FJI,93,2010,0.715
Fiji,FJI,93,2011,0.719
Fiji,FJI,93,2012,0.722
Fiji,FJI,93,2013,0.728
Fiji,FJI,93,2014,0.733
Fiji,FJI,93,2015,0.737
Fiji,FJI,93,2016,0.738
Fiji,FJI,93,2017,0.74
Fiji,FJI,93,2018,0.742
Fiji,FJI,93,2019,0.743
Finland,FIN,11,2000,0.864
Finland,FIN,11,2001,0.871
Finland,FIN,11,2002,0.874
Finland,FIN,11,2003,0.877
Finland,FIN,11,2004,0.904
Finland,FIN,11,2005,0.908
Finland,FIN,11,2006,0.912
Finland,FIN,11,2007,0.915
Finland,FIN,11,2008,0.917
Finland,FIN,11,2009,0.912
Finland,FIN,11,2010,0.916
Finland,FIN,11,2011,0.92
Finland,FIN,11,2012,0.921
Finland,FIN,11,2013,0.928
Finland,FIN,11,2014,0.928
Finland,FIN,11,2015,0.93
Finland,FIN,11,2016,0.932
Finland,FIN,11,2017,0.935
Finland,FIN,11,2018,0.937
Finland,FIN,11,2019,0.938
France,FRA,26,2000,0.849
France,FRA,26,2001,0.851
France,FRA,26,2002,0.852
France,FRA,26,2003,0.855
France,FRA,26,2004,0.858
France,FRA,26,2005,0.867
France,FRA,26,2006,0.871
France,FRA,26,2007,0.874
France,FRA,26,2008,0.875
France,FRA,26,2009,0.876
France,FRA,26,2010,0.879
France,FRA,26,2011,0.882
France,FRA,26,2012,0.885
France,FRA,26,2013,0.889
France,FRA,26,2014,0.893
France,FRA,26,2015,0.895
France,FRA,26,2016,0.894
France,FRA,26,2017,0.897
France,FRA,26,2018,0.898
France,FRA,26,2019,0.901
Gabon,GAB,119,2000,0.621
Gabon,GAB,119,2001,0.624
Gabon,GAB,119,2002,0.626
Gabon,GAB,119,2003,0.627
Gabon,GAB,119,2004,0.626
Gabon,GAB,119,2005,0.632
Gabon,GAB,119,2006,0.632
Gabon,GAB,119,2007,0.637
Gabon,GAB,119,2008,0.639
Gabon,GAB,119,2009,0.646
Gabon,GAB,119,2010,0.652
Gabon,GAB,119,2011,0.657
Gabon,GAB,119,2012,0.666
Gabon,GAB,119,2013,0.673
Gabon,GAB,119,2014,0.682
Gabon,GAB,119,2015,0.685
Gabon,GAB,119,2016,0.69
Gabon,GAB,119,2017,0.694
Gabon,GAB,119,2018,0.697
Gabon,GAB,119,2019,0.703
Gambia,GMB,172,2000,0.403
Gambia,GMB,172,2001,0.411
Gambia,GMB,172,2002,0.415
Gambia,GMB,172,2003,0.422
Gambia,GMB,172,2004,0.431
Gambia,GMB,172,2005,0.435
Gambia,GMB,172,2006,0.44
Gambia,GMB,172,2007,0.446
Gambia,GMB,172,2008,0.453
Gambia,GMB,172,2009,0.456
Gambia,GMB,172,2010,0.459
Gambia,GMB,172,2011,0.455
Gambia,GMB,172,2012,0.461
Gambia,GMB,172,2013,0.467
Gambia,GMB,172,2014,0.468
Gambia,GMB,172,2015,0.471
Gambia,GMB,172,2016,0.475
Gambia,GMB,172,2017,0.48
Gambia,GMB,172,2018,0.487
Gambia,GMB,172,2019,0.496
Georgia,GEO,61,2000,0.69
Georgia,GEO,61,2001,0.694
Georgia,GEO,61,2002,0.699
Georgia,GEO,61,2003,0.708
Georgia,GEO,61,2004,0.715
Georgia,GEO,61,2005,0.725
Georgia,GEO,61,2006,0.731
Georgia,GEO,61,2007,0.743
Georgia,GEO,61,2008,0.742
Georgia,GEO,61,2009,0.746
Georgia,GEO,61,2010,0.751
Georgia,GEO,61,2011,0.757
Georgia,GEO,61,2012,0.767
Georgia,GEO,61,2013,0.775
Georgia,GEO,61,2014,0.783
Georgia,GEO,61,2015,0.79
Georgia,GEO,61,2016,0.792
Georgia,GEO,61,2017,0.799
Georgia,GEO,61,2018,0.805
Georgia,GEO,61,2019,0.812
Germany,DEU,6,2000,0.876
Germany,DEU,6,2001,0.884
Germany,DEU,6,2002,0.89
Germany,DEU,6,2003,0.896
Germany,DEU,6,2004,0.907
Germany,DEU,6,2005,0.908
Germany,DEU,6,2006,0.918
Germany,DEU,6,2007,0.921
Germany,DEU,6,2008,0.924
Germany,DEU,6,2009,0.924
Germany,DEU,6,2010,0.927
Germany,DEU,6,2011,0.933
Germany,DEU,6,2012,0.934
Germany,DEU,6,2013,0.935
Germany,DEU,6,2014,0.937
Germany,DEU,6,2015,0.938
Germany,DEU,6,2016,0.941
Germany,DEU,6,2017,0.943
Germany,DEU,6,2018,0.946
Germany,DEU,6,2019,0.947
Ghana,GHA,138,2000,0.494
Ghana,GHA,138,2001,0.493
Ghana,GHA,138,2002,0.499
Ghana,GHA,138,2003,0.5
Ghana,GHA,138,2004,0.509
Ghana,GHA,138,2005,0.52
Ghana,GHA,138,2006,0.529
Ghana,GHA,138,2007,0.541
Ghana,GHA,138,2008,0.553
Ghana,GHA,138,2009,0.558
Ghana,GHA,138,2010,0.565
Ghana,GHA,138,2011,0.574
Ghana,GHA,138,2012,0.577
Ghana,GHA,138,2013,0.586
Ghana,GHA,138,2014,0.59
Ghana,GHA,138,2015,0.59
Ghana,GHA,138,2016,0.598
Ghana,GHA,138,2017,0.602
Ghana,GHA,138,2018,0.606
Ghana,GHA,138,2019,0.611
Greece,GRC,32,2000,0.804
Greece,GRC,32,2001,0.814
Greece,GRC,32,2002,0.826
Greece,GRC,32,2003,0.833
Greece,GRC,32,2004,0.843
Greece,GRC,32,2005,0.853
Greece,GRC,32,2006,0.859
Greece,GRC,32,2007,0.857
Greece,GRC,32,2008,0.865
Greece,GRC,32,2009,0.867
Greece,GRC,32,2010,0.865
Greece,GRC,32,2011,0.862
Greece,GRC,32,2012,0.865
Greece,GRC,32,2013,0.867
Greece,GRC,32,2014,0.875
Greece,GRC,32,2015,0.877
Greece,GRC,32,2016,0.874
Greece,GRC,32,2017,0.879
Greece,GRC,32,2018,0.881
Greece,GRC,32,2019,0.888
Grenada,GRD,74,2000,..
Grenada,GRD,74,2001,..
Grenada,GRD,74,2002,0.721
Grenada,GRD,74,2003,0.729
Grenada,GRD,74,2004,0.731
Grenada,GRD,74,2005,0.744
Grenada,GRD,74,2006,0.745
Grenada,GRD,74,2007,0.75
Grenada,GRD,74,2008,0.753
Grenada,GRD,74,2009,0.75
Grenada,GRD,74,2010,0.754
Grenada,GRD,74,2011,0.756
Grenada,GRD,74,2012,0.757
Grenada,GRD,74,2013,0.76
Grenada,GRD,74,2014,0.766
Grenada,GRD,74,2015,0.77
Grenada,GRD,74,2016,0.771
Grenada,GRD,74,2017,0.77
Grenada,GRD,74,2018,0.773
Grenada,GRD,74,2019,0.779
Guatemala,GTM,127,2000,0.549
Guatemala,GTM,127,2001,0.557
Guatemala,GTM,127,2002,0.563
Guatemala,GTM,127,2003,0.567
Guatemala,GTM,127,2004,0.571
Guatemala,GTM,127,2005,0.574
Guatemala,GTM,127,2006,0.583
Guatemala,GTM,127,2007,0.592
Guatemala,GTM,127,2008,0.597
Guatemala,GTM,127,2009,0.601
Guatemala,GTM,127,2010,0.606
Guatemala,GTM,127,2011,0.612
Guatemala,GTM,127,2012,0.618
Guatemala,GTM,127,2013,0.621
Guatemala,GTM,127,2014,0.648
Guatemala,GTM,127,2015,0.652
Guatemala,GTM,127,2016,0.653
Guatemala,GTM,127,2017,0.655
Guatemala,GTM,127,2018,0.657
Guatemala,GTM,127,2019,0.663
Guinea,GIN,178,2000,0.34
Guinea,GIN,178,2001,0.347
Guinea,GIN,178,2002,0.356
Guinea,GIN,178,2003,0.347
Guinea,GIN,178,2004,0.372
Guinea,GIN,178,2005,0.383
Guinea,GIN,178,2006,0.392
Guinea,GIN,178,2007,0.4
Guinea,GIN,178,2008,0.408
Guinea,GIN,178,2009,0.408
Guinea,GIN,178,2010,0.416
Guinea,GIN,178,2011,0.429
Guinea,GIN,178,2012,0.439
Guinea,GIN,178,2013,0.445
Guinea,GIN,178,2014,0.452
Guinea,GIN,178,2015,0.457
Guinea,GIN,178,2016,0.465
Guinea,GIN,178,2017,0.471
Guinea,GIN,178,2018,0.473
Guinea,GIN,178,2019,0.477
Guinea-Bissau,GNB,175,2000,..
Guinea-Bissau,GNB,175,2001,..
Guinea-Bissau,GNB,175,2002,..
Guinea-Bissau,GNB,175,2003,..
Guinea-Bissau,GNB,175,2004,..
Guinea-Bissau,GNB,175,2005,0.403
Guinea-Bissau,GNB,175,2006,0.411
Guinea-Bissau,GNB,175,2007,0.417
Guinea-Bissau,GNB,175,2008,0.424
Guinea-Bissau,GNB,175,2009,0.43
Guinea-Bissau,GNB,175,2010,0.436
Guinea-Bissau,GNB,175,2011,0.445
Guinea-Bissau,GNB,175,2012,0.448
Guinea-Bissau,GNB,175,2013,0.452
Guinea-Bissau,GNB,175,2014,0.459
Guinea-Bissau,GNB,175,2015,0.464
Guinea-Bissau,GNB,175,2016,0.468
Guinea-Bissau,GNB,175,2017,0.47
Guinea-Bissau,GNB,175,2018,0.472
Guinea-Bissau,GNB,175,2019,0.48
Guyana,GUY,122,2000,0.616
Guyana,GUY,122,2001,0.619
Guyana,GUY,122,2002,0.622
Guyana,GUY,122,2003,0.618
Guyana,GUY,122,2004,0.625
Guyana,GUY,122,2005,0.629
Guyana,GUY,122,2006,0.63
Guyana,GUY,122,2007,0.634
Guyana,GUY,122,2008,0.638
Guyana,GUY,122,2009,0.641
Guyana,GUY,122,2010,0.649
Guyana,GUY,122,2011,0.658
Guyana,GUY,122,2012,0.662
Guyana,GUY,122,2013,0.666
Guyana,GUY,122,2014,0.671
Guyana,GUY,122,2015,0.674
Guyana,GUY,122,2016,0.676
Guyana,GUY,122,2017,0.677
Guyana,GUY,122,2018,0.68
Guyana,GUY,122,2019,0.682
Haiti,HTI,170,2000,0.442
Haiti,HTI,170,2001,0.444
Haiti,HTI,170,2002,0.446
Haiti,HTI,170,2003,0.449
Haiti,HTI,170,2004,0.45
Haiti,HTI,170,2005,0.453
Haiti,HTI,170,2006,0.458
Haiti,HTI,170,2007,0.463
Haiti,HTI,170,2008,0.466
Haiti,HTI,170,2009,0.47
Haiti,HTI,170,2010,0.471
Haiti,HTI,170,2011,0.478
Haiti,HTI,170,2012,0.482
Haiti,HTI,170,2013,0.487
Haiti,HTI,170,2014,0.492
Haiti,HTI,170,2015,0.496
Haiti,HTI,170,2016,0.5
Haiti,HTI,170,2017,0.505
Haiti,HTI,170,2018,0.508
Haiti,HTI,170,2019,0.51
Honduras,HND,132,2000,0.566
Honduras,HND,132,2001,0.57
Honduras,HND,132,2002,0.575
Honduras,HND,132,2003,0.58
Honduras,HND,132,2004,0.586
Honduras,HND,132,2005,0.593
Honduras,HND,132,2006,0.599
Honduras,HND,132,2007,0.607
Honduras,HND,132,2008,0.603
Honduras,HND,132,2009,0.605
Honduras,HND,132,2010,0.61
Honduras,HND,132,2011,0.613
Honduras,HND,132,2012,0.612
Honduras,HND,132,2013,0.613
Honduras,HND,132,2014,0.616
Honduras,HND,132,2015,0.618
Honduras,HND,132,2016,0.626
Honduras,HND,132,2017,0.63
Honduras,HND,132,2018,0.633
Honduras,HND,132,2019,0.634
Hungary,HUN,40,2000,0.772
Hungary,HUN,40,2001,0.781
Hungary,HUN,40,2002,0.788
Hungary,HUN,40,2003,0.797
Hungary,HUN,40,2004,0.799
Hungary,HUN,40,2005,0.805
Hungary,HUN,40,2006,0.815
Hungary,HUN,40,2007,0.818
Hungary,HUN,40,2008,0.822
Hungary,HUN,40,2009,0.828
Hungary,HUN,40,2010,0.831
Hungary,HUN,40,2011,0.828
Hungary,HUN,40,2012,0.831
Hungary,HUN,40,2013,0.839
Hungary,HUN,40,2014,0.838
Hungary,HUN,40,2015,0.842
Hungary,HUN,40,2016,0.844
Hungary,HUN,40,2017,0.846
Hungary,HUN,40,2018,0.85
Hungary,HUN,40,2019,0.854
Iceland,ISL,4,2000,0.867
Iceland,ISL,4,2001,0.872
Iceland,ISL,4,2002,0.881
Iceland,ISL,4,2003,0.887
Iceland,ISL,4,2004,0.891
Iceland,ISL,4,2005,0.896
Iceland,ISL,4,2006,0.899
Iceland,ISL,4,2007,0.905
Iceland,ISL,4,2008,0.899
Iceland,ISL,4,2009,0.898
Iceland,ISL,4,2010,0.898
Iceland,ISL,4,2011,0.907
Iceland,ISL,4,2012,0.915
Iceland,ISL,4,2013,0.927
Iceland,ISL,4,2014,0.931
Iceland,ISL,4,2015,0.934
Iceland,ISL,4,2016,0.941
Iceland,ISL,4,2017,0.943
Iceland,ISL,4,2018,0.946
Iceland,ISL,4,2019,0.949
India,IND,131,2000,0.495
India,IND,131,2001,0.499
India,IND,131,2002,0.506
India,IND,131,2003,0.518
India,IND,131,2004,0.527
India,IND,131,2005,0.536
India,IND,131,2006,0.546
India,IND,131,2007,0.555
India,IND,131,2008,0.563
India,IND,131,2009,0.569
India,IND,131,2010,0.579
India,IND,131,2011,0.588
India,IND,131,2012,0.597
India,IND,131,2013,0.604
India,IND,131,2014,0.616
India,IND,131,2015,0.624
India,IND,131,2016,0.63
India,IND,131,2017,0.64
India,IND,131,2018,0.642
India,IND,131,2019,0.645
Indonesia,IDN,107,2000,0.603
Indonesia,IDN,107,2001,0.609
Indonesia,IDN,107,2002,0.615
Indonesia,IDN,107,2003,0.622
Indonesia,IDN,107,2004,0.628
Indonesia,IDN,107,2005,0.632
Indonesia,IDN,107,2006,0.642
Indonesia,IDN,107,2007,0.643
Indonesia,IDN,107,2008,0.647
Indonesia,IDN,107,2009,0.658
Indonesia,IDN,107,2010,0.665
Indonesia,IDN,107,2011,0.673
Indonesia,IDN,107,2012,0.681
Indonesia,IDN,107,2013,0.687
Indonesia,IDN,107,2014,0.69
Indonesia,IDN,107,2015,0.695
Indonesia,IDN,107,2016,0.703
Indonesia,IDN,107,2017,0.707
Indonesia,IDN,107,2018,0.712
Indonesia,IDN,107,2019,0.718
Iran,IRN,70,2000,0.658
Iran,IRN,70,2001,0.665
Iran,IRN,70,2002,0.67
Iran,IRN,70,2003,0.677
Iran,IRN,70,2004,0.678
Iran,IRN,70,2005,0.683
Iran,IRN,70,2006,0.719
Iran,IRN,70,2007,0.723
Iran,IRN,70,2008,0.728
Iran,IRN,70,2009,0.734
Iran,IRN,70,2010,0.742
Iran,IRN,70,2011,0.753
Iran,IRN,70,2012,0.768
Iran,IRN,70,2013,0.771
Iran,IRN,70,2014,0.774
Iran,IRN,70,2015,0.774
Iran,IRN,70,2016,0.784
Iran,IRN,70,2017,0.787
Iran,IRN,70,2018,0.785
Iran,IRN,70,2019,0.783
Iraq,IRQ,123,2000,0.595
Iraq,IRQ,123,2001,0.601
Iraq,IRQ,123,2002,0.603
Iraq,IRQ,123,2003,0.589
Iraq,IRQ,123,2004,0.615
Iraq,IRQ,123,2005,0.617
Iraq,IRQ,123,2006,0.62
Iraq,IRQ,123,2007,0.623
Iraq,IRQ,123,2008,0.63
Iraq,IRQ,123,2009,0.632
Iraq,IRQ,123,2010,0.636
Iraq,IRQ,123,2011,0.642
Iraq,IRQ,123,2012,0.646
Iraq,IRQ,123,2013,0.646
Iraq,IRQ,123,2014,0.645
Iraq,IRQ,123,2015,0.649
Iraq,IRQ,123,2016,0.656
Iraq,IRQ,123,2017,0.667
Iraq,IRQ,123,2018,0.671
Iraq,IRQ,123,2019,0.674
Ireland,IRL,2,2000,0.867
Ireland,IRL,2,2001,0.873
Ireland,IRL,2,2002,0.881
Ireland,IRL,2,2003,0.889
Ireland,IRL,2,2004,0.898
Ireland,IRL,2,2005,0.904
Ireland,IRL,2,2006,0.906
Ireland,IRL,2,2007,0.909
Ireland,IRL,2,2008,0.911
Ireland,IRL,2,2009,0.906
Ireland,IRL,2,2010,0.901
Ireland,IRL,2,2011,0.902
Ireland,IRL,2,2012,0.908
Ireland,IRL,2,2013,0.917
Ireland,IRL,2,2014,0.928
Ireland,IRL,2,2015,0.935
Ireland,IRL,2,2016,0.943
Ireland,IRL,2,2017,0.947
Ireland,IRL,2,2018,0.951
Ireland,IRL,2,2019,0.955
Israel,ISR,19,2000,0.861
Israel,ISR,19,2001,0.865
Israel,ISR,19,2002,0.873
Israel,ISR,19,2003,0.874
Israel,ISR,19,2004,0.876
Israel,ISR,19,2005,0.88
Israel,ISR,19,2006,0.88
Israel,ISR,19,2007,0.889
Israel,ISR,19,2008,0.889
Israel,ISR,19,2009,0.89
Israel,ISR,19,2010,0.895
Israel,ISR,19,2011,0.901
Israel,ISR,19,2012,0.903
Israel,ISR,19,2013,0.905
Israel,ISR,19,2014,0.909
Israel,ISR,19,2015,0.91
Israel,ISR,19,2016,0.913
Israel,ISR,19,2017,0.913
Israel,ISR,19,2018,0.916
Israel,ISR,19,2019,0.919
Italy,ITA,29,2000,0.838
Italy,ITA,29,2001,0.845
Italy,ITA,29,2002,0.85
Italy,ITA,29,2003,0.855
Italy,ITA,29,2004,0.86
Italy,ITA,29,2005,0.865
Italy,ITA,29,2006,0.87
Italy,ITA,29,2007,0.874
Italy,ITA,29,2008,0.876
Italy,ITA,29,2009,0.876
Italy,ITA,29,2010,0.879
Italy,ITA,29,2011,0.883
Italy,ITA,29,2012,0.882
Italy,ITA,29,2013,0.881
Italy,ITA,29,2014,0.882
Italy,ITA,29,2015,0.882
Italy,ITA,29,2016,0.884
Italy,ITA,29,2017,0.886
Italy,ITA,29,2018,0.89
Italy,ITA,29,2019,0.892
Jamaica,JAM,101,2000,0.678
Jamaica,JAM,101,2001,0.689
Jamaica,JAM,101,2002,0.692
Jamaica,JAM,101,2003,0.687
Jamaica,JAM,101,2004,0.704
Jamaica,JAM,101,2005,0.706
Jamaica,JAM,101,2006,0.711
Jamaica,JAM,101,2007,0.719
Jamaica,JAM,101,2008,0.737
Jamaica,JAM,101,2009,0.733
Jamaica,JAM,101,2010,0.732
Jamaica,JAM,101,2011,0.731
Jamaica,JAM,101,2012,0.731
Jamaica,JAM,101,2013,0.729
Jamaica,JAM,101,2014,0.729
Jamaica,JAM,101,2015,0.731
Jamaica,JAM,101,2016,0.731
Jamaica,JAM,101,2017,0.734
Jamaica,JAM,101,2018,0.734
Jamaica,JAM,101,2019,0.734
Japan,JPN,19,2000,0.858
Japan,JPN,19,2001,0.861
Japan,JPN,19,2002,0.864
Japan,JPN,19,2003,0.867
Japan,JPN,19,2004,0.871
Japan,JPN,19,2005,0.875
Japan,JPN,19,2006,0.879
Japan,JPN,19,2007,0.882
Japan,JPN,19,2008,0.883
Japan,JPN,19,2009,0.882
Japan,JPN,19,2010,0.887
Japan,JPN,19,2011,0.892
Japan,JPN,19,2012,0.897
Japan,JPN,19,2013,0.902
Japan,JPN,19,2014,0.906
Japan,JPN,19,2015,0.908
Japan,JPN,19,2016,0.912
Japan,JPN,19,2017,0.915
Japan,JPN,19,2018,0.917
Japan,JPN,19,2019,0.919
Jordan,JOR,102,2000,0.711
Jordan,JOR,102,2001,0.717
Jordan,JOR,102,2002,0.715
Jordan,JOR,102,2003,0.72
Jordan,JOR,102,2004,0.726
Jordan,JOR,102,2005,0.738
Jordan,JOR,102,2006,0.741
Jordan,JOR,102,2007,0.744
Jordan,JOR,102,2008,0.745
Jordan,JOR,102,2009,0.743
Jordan,JOR,102,2010,0.737
Jordan,JOR,102,2011,0.734
Jordan,JOR,102,2012,0.735
Jordan,JOR,102,2013,0.729
Jordan,JOR,102,2014,0.729
Jordan,JOR,102,2015,0.73
Jordan,JOR,102,2016,0.729
Jordan,JOR,102,2017,0.726
Jordan,JOR,102,2018,0.728
Jordan,JOR,102,2019,0.729
Kazakhstan,KAZ,51,2000,0.685
Kazakhstan,KAZ,51,2001,0.7
Kazakhstan,KAZ,51,2002,0.714
Kazakhstan,KAZ,51,2003,0.726
Kazakhstan,KAZ,51,2004,0.737
Kazakhstan,KAZ,51,2005,0.747
Kazakhstan,KAZ,51,2006,0.754
Kazakhstan,KAZ,51,2007,0.758
Kazakhstan,KAZ,51,2008,0.758
Kazakhstan,KAZ,51,2009,0.762
Kazakhstan,KAZ,51,2010,0.764
Kazakhstan,KAZ,51,2011,0.772
Kazakhstan,KAZ,51,2012,0.782
Kazakhstan,KAZ,51,2013,0.791
Kazakhstan,KAZ,51,2014,0.798
Kazakhstan,KAZ,51,2015,0.806
Kazakhstan,KAZ,51,2016,0.808
Kazakhstan,KAZ,51,2017,0.815
Kazakhstan,KAZ,51,2018,0.819
Kazakhstan,KAZ,51,2019,0.825
Kenya,KEN,143,2000,0.461
Kenya,KEN,143,2001,0.465
Kenya,KEN,143,2002,0.465
Kenya,KEN,143,2003,0.478
Kenya,KEN,143,2004,0.49
Kenya,KEN,143,2005,0.5
Kenya,KEN,143,2006,0.515
Kenya,KEN,143,2007,0.523
Kenya,KEN,143,2008,0.532
Kenya,KEN,143,2009,0.541
Kenya,KEN,143,2010,0.551
Kenya,KEN,143,2011,0.559
Kenya,KEN,143,2012,0.566
Kenya,KEN,143,2013,0.573
Kenya,KEN,143,2014,0.58
Kenya,KEN,143,2015,0.587
Kenya,KEN,143,2016,0.591
Kenya,KEN,143,2017,0.595
Kenya,KEN,143,2018,0.599
Kenya,KEN,143,2019,0.601
Kiribati,KIR,134,2000,0.553
Kiribati,KIR,134,2001,0.569
Kiribati,KIR,134,2002,0.569
Kiribati,KIR,134,2003,0.574
Kiribati,KIR,134,2004,0.572
Kiribati,KIR,134,2005,0.589
Kiribati,KIR,134,2006,0.586
Kiribati,KIR,134,2007,0.587
Kiribati,KIR,134,2008,0.59
Kiribati,KIR,134,2009,0.588
Kiribati,KIR,134,2010,0.593
Kiribati,KIR,134,2011,0.591
Kiribati,KIR,134,2012,0.6
Kiribati,KIR,134,2013,0.608
Kiribati,KIR,134,2014,0.617
Kiribati,KIR,134,2015,0.625
Kiribati,KIR,134,2016,0.622
Kiribati,KIR,134,2017,0.627
Kiribati,KIR,134,2018,0.628
Kiribati,KIR,134,2019,0.63
Kuwait,KWT,64,2000,0.781
Kuwait,KWT,64,2001,0.778
Kuwait,KWT,64,2002,0.78
Kuwait,KWT,64,2003,0.788
Kuwait,KWT,64,2004,0.789
Kuwait,KWT,64,2005,0.783
Kuwait,KWT,64,2006,0.788
Kuwait,KWT,64,2007,0.788
Kuwait,KWT,64,2008,0.79
Kuwait,KWT,64,2009,0.789
Kuwait,KWT,64,2010,0.788
Kuwait,KWT,64,2011,0.792
Kuwait,KWT,64,2012,0.796
Kuwait,KWT,64,2013,0.793
Kuwait,KWT,64,2014,0.796
Kuwait,KWT,64,2015,0.801
Kuwait,KWT,64,2016,0.804
Kuwait,KWT,64,2017,0.805
Kuwait,KWT,64,2018,0.807
Kuwait,KWT,64,2019,0.806
Kyrgyzstan,KGZ,120,2000,0.62
Kyrgyzstan,KGZ,120,2001,0.628
Kyrgyzstan,KGZ,120,2002,0.63
Kyrgyzstan,KGZ,120,2003,0.637
Kyrgyzstan,KGZ,120,2004,0.64
Kyrgyzstan,KGZ,120,2005,0.642
Kyrgyzstan,KGZ,120,2006,0.647
Kyrgyzstan,KGZ,120,2007,0.654
Kyrgyzstan,KGZ,120,2008,0.656
Kyrgyzstan,KGZ,120,2009,0.661
Kyrgyzstan,KGZ,120,2010,0.662
Kyrgyzstan,KGZ,120,2011,0.664
Kyrgyzstan,KGZ,120,2012,0.674
Kyrgyzstan,KGZ,120,2013,0.68
Kyrgyzstan,KGZ,120,2014,0.686
Kyrgyzstan,KGZ,120,2015,0.69
Kyrgyzstan,KGZ,120,2016,0.691
Kyrgyzstan,KGZ,120,2017,0.694
Kyrgyzstan,KGZ,120,2018,0.696
Kyrgyzstan,KGZ,120,2019,0.697
Latvia,LVA,37,2000,0.735
Latvia,LVA,37,2001,0.753
Latvia,LVA,37,2002,0.767
Latvia,LVA,37,2003,0.781
Latvia,LVA,37,2004,0.795
Latvia,LVA,37,2005,0.809
Latvia,LVA,37,2006,0.816
Latvia,LVA,37,2007,0.825
Latvia,LVA,37,2008,0.828
Latvia,LVA,37,2009,0.826
Latvia,LVA,37,2010,0.824
Latvia,LVA,37,2011,0.829
Latvia,LVA,37,2012,0.832
Latvia,LVA,37,2013,0.839
Latvia,LVA,37,2014,0.845
Latvia,LVA,37,2015,0.849
Latvia,LVA,37,2016,0.854
Latvia,LVA,37,2017,0.859
Latvia,LVA,37,2018,0.863
Latvia,LVA,37,2019,0.866
Lebanon,LBN,92,2000,..
Lebanon,LBN,92,2001,..
Lebanon,LBN,92,2002,..
Lebanon,LBN,92,2003,..
Lebanon,LBN,92,2004,..
Lebanon,LBN,92,2005,0.74
Lebanon,LBN,92,2006,0.739
Lebanon,LBN,92,2007,0.751
Lebanon,LBN,92,2008,0.757
Lebanon,LBN,92,2009,0.764
Lebanon,LBN,92,2010,0.766
Lebanon,LBN,92,2011,0.768
Lebanon,LBN,92,2012,0.759
Lebanon,LBN,92,2013,0.757
Lebanon,LBN,92,2014,0.748
Lebanon,LBN,92,2015,0.744
Lebanon,LBN,92,2016,0.741
Lebanon,LBN,92,2017,0.748
Lebanon,LBN,92,2018,0.747
Lebanon,LBN,92,2019,0.744
Lesotho,LSO,165,2000,0.459
Lesotho,LSO,165,2001,0.451
Lesotho,LSO,165,2002,0.446
Lesotho,LSO,165,2003,0.444
Lesotho,LSO,165,2004,0.44
Lesotho,LSO,165,2005,0.436
Lesotho,LSO,165,2006,0.436
Lesotho,LSO,165,2007,0.441
Lesotho,LSO,165,2008,0.446
Lesotho,LSO,165,2009,0.455
Lesotho,LSO,165,2010,0.46
Lesotho,LSO,165,2011,0.469
Lesotho,LSO,165,2012,0.48
Lesotho,LSO,165,2013,0.489
Lesotho,LSO,165,2014,0.498
Lesotho,LSO,165,2015,0.503
Lesotho,LSO,165,2016,0.512
Lesotho,LSO,165,2017,0.517
Lesotho,LSO,165,2018,0.522
Lesotho,LSO,165,2019,0.527
Liberia,LBR,175,2000,0.435
Liberia,LBR,175,2001,0.435
Liberia,LBR,175,2002,0.437
Liberia,LBR,175,2003,0.417
Liberia,LBR,175,2004,0.427
Liberia,LBR,175,2005,0.432
Liberia,LBR,175,2006,0.438
Liberia,LBR,175,2007,0.445
Liberia,LBR,175,2008,0.45
Liberia,LBR,175,2009,0.452
Liberia,LBR,175,2010,0.455
Liberia,LBR,175,2011,0.472
Liberia,LBR,175,2012,0.469
Liberia,LBR,175,2013,0.477
Liberia,LBR,175,2014,0.478
Liberia,LBR,175,2015,0.477
Liberia,LBR,175,2016,0.478
Liberia,LBR,175,2017,0.481
Liberia,LBR,175,2018,0.48
Liberia,LBR,175,2019,0.48
Libya,LBY,105,2000,0.78
Libya,LBY,105,2001,0.785
Libya,LBY,105,2002,0.79
Libya,LBY,105,2003,0.797
Libya,LBY,105,2004,0.798
Libya,LBY,105,2005,0.8
Libya,LBY,105,2006,0.8
Libya,LBY,105,2007,0.8
Libya,LBY,105,2008,0.8
Libya,LBY,105,2009,0.799
Libya,LBY,105,2010,0.798
Libya,LBY,105,2011,0.764
Libya,LBY,105,2012,0.789
Libya,LBY,105,2013,0.761
Libya,LBY,105,2014,0.728
Libya,LBY,105,2015,0.697
Libya,LBY,105,2016,0.687
Libya,LBY,105,2017,0.714
Libya,LBY,105,2018,0.721
Libya,LBY,105,2019,0.724
Lithuania,LTU,34,2000,0.762
Lithuania,LTU,34,2001,0.774
Lithuania,LTU,34,2002,0.785
Lithuania,LTU,34,2003,0.797
Lithuania,LTU,34,2004,0.805
Lithuania,LTU,34,2005,0.817
Lithuania,LTU,34,2006,0.826
Lithuania,LTU,34,2007,0.833
Lithuania,LTU,34,2008,0.838
Lithuania,LTU,34,2009,0.828
Lithuania,LTU,34,2010,0.831
Lithuania,LTU,34,2011,0.838
Lithuania,LTU,34,2012,0.841
Lithuania,LTU,34,2013,0.847
Lithuania,LTU,34,2014,0.859
Lithuania,LTU,34,2015,0.862
Lithuania,LTU,34,2016,0.867
Lithuania,LTU,34,2017,0.873
Lithuania,LTU,34,2018,0.876
Lithuania,LTU,34,2019,0.882
Luxembourg,LUX,23,2000,0.86
Luxembourg,LUX,23,2001,0.865
Luxembourg,LUX,23,2002,0.869
Luxembourg,LUX,23,2003,0.873
Luxembourg,LUX,23,2004,0.876
Luxembourg,LUX,23,2005,0.88
Luxembourg,LUX,23,2006,0.884
Luxembourg,LUX,23,2007,0.888
Luxembourg,LUX,23,2008,0.89
Luxembourg,LUX,23,2009,0.893
Luxembourg,LUX,23,2010,0.898
Luxembourg,LUX,23,2011,0.899
Luxembourg,LUX,23,2012,0.9
Luxembourg,LUX,23,2013,0.9
Luxembourg,LUX,23,2014,0.903
Luxembourg,LUX,23,2015,0.906
Luxembourg,LUX,23,2016,0.91
Luxembourg,LUX,23,2017,0.913
Luxembourg,LUX,23,2018,0.913
Luxembourg,LUX,23,2019,0.916
Madagascar,MDG,164,2000,0.462
Madagascar,MDG,164,2001,0.468
Madagascar,MDG,164,2002,0.464
Madagascar,MDG,164,2003,0.473
Madagascar,MDG,164,2004,0.48
Madagascar,MDG,164,2005,0.486
Madagascar,MDG,164,2006,0.49
Madagascar,MDG,164,2007,0.498
Madagascar,MDG,164,2008,0.506
Madagascar,MDG,164,2009,0.51
Madagascar,MDG,164,2010,0.511
Madagascar,MDG,164,2011,0.512
Madagascar,MDG,164,2012,0.514
Madagascar,MDG,164,2013,0.517
Madagascar,MDG,164,2014,0.52
Madagascar,MDG,164,2015,0.522
Madagascar,MDG,164,2016,0.523
Madagascar,MDG,164,2017,0.526
Madagascar,MDG,164,2018,0.527
Madagascar,MDG,164,2019,0.528
Malawi,MWI,174,2000,0.388
Malawi,MWI,174,2001,0.388
Malawi,MWI,174,2002,0.357
Malawi,MWI,174,2003,0.361
Malawi,MWI,174,2004,0.363
Malawi,MWI,174,2005,0.367
Malawi,MWI,174,2006,0.377
Malawi,MWI,174,2007,0.388
Malawi,MWI,174,2008,0.405
Malawi,MWI,174,2009,0.42
Malawi,MWI,174,2010,0.431
Malawi,MWI,174,2011,0.44
Malawi,MWI,174,2012,0.446
Malawi,MWI,174,2013,0.456
Malawi,MWI,174,2014,0.465
Malawi,MWI,174,2015,0.468
Malawi,MWI,174,2016,0.472
Malawi,MWI,174,2017,0.473
Malawi,MWI,174,2018,0.478
Malawi,MWI,174,2019,0.483
Malaysia,MYS,62,2000,0.723
Malaysia,MYS,62,2001,0.721
Malaysia,MYS,62,2002,0.723
Malaysia,MYS,62,2003,0.73
Malaysia,MYS,62,2004,0.733
Malaysia,MYS,62,2005,0.73
Malaysia,MYS,62,2006,0.737
Malaysia,MYS,62,2007,0.75
Malaysia,MYS,62,2008,0.761
Malaysia,MYS,62,2009,0.765
Malaysia,MYS,62,2010,0.772
Malaysia,MYS,62,2011,0.778
Malaysia,MYS,62,2012,0.781
Malaysia,MYS,62,2013,0.785
Malaysia,MYS,62,2014,0.791
Malaysia,MYS,62,2015,0.796
Malaysia,MYS,62,2016,0.8
Malaysia,MYS,62,2017,0.805
Malaysia,MYS,62,2018,0.805
Malaysia,MYS,62,2019,0.81
Maldives,MDV,95,2000,0.622
Maldives,MDV,95,2001,0.626
Maldives,MDV,95,2002,0.63
Maldives,MDV,95,2003,0.644
Maldives,MDV,95,2004,0.649
Maldives,MDV,95,2005,0.645
Maldives,MDV,95,2006,0.659
Maldives,MDV,95,2007,0.664
Maldives,MDV,95,2008,0.673
Maldives,MDV,95,2009,0.674
Maldives,MDV,95,2010,0.685
Maldives,MDV,95,2011,0.697
Maldives,MDV,95,2012,0.704
Maldives,MDV,95,2013,0.709
Maldives,MDV,95,2014,0.718
Maldives,MDV,95,2015,0.724
Maldives,MDV,95,2016,0.728
Maldives,MDV,95,2017,0.731
Maldives,MDV,95,2018,0.734
Maldives,MDV,95,2019,0.74
Mali,MLI,184,2000,0.312
Mali,MLI,184,2001,0.325
Mali,MLI,184,2002,0.334
Mali,MLI,184,2003,0.347
Mali,MLI,184,2004,0.356
Mali,MLI,184,2005,0.367
Mali,MLI,184,2006,0.376
Mali,MLI,184,2007,0.371
Mali,MLI,184,2008,0.394
Mali,MLI,184,2009,0.401
Mali,MLI,184,2010,0.408
Mali,MLI,184,2011,0.413
Mali,MLI,184,2012,0.413
Mali,MLI,184,2013,0.413
Mali,MLI,184,2014,0.419
Mali,MLI,184,2015,0.417
Mali,MLI,184,2016,0.422
Mali,MLI,184,2017,0.427
Mali,MLI,184,2018,0.431
Mali,MLI,184,2019,0.434
Malta,MLT,28,2000,0.795
Malta,MLT,28,2001,0.801
Malta,MLT,28,2002,0.804
Malta,MLT,28,2003,0.81
Malta,MLT,28,2004,0.819
Malta,MLT,28,2005,0.834
Malta,MLT,28,2006,0.832
Malta,MLT,28,2007,0.837
Malta,MLT,28,2008,0.839
Malta,MLT,28,2009,0.84
Malta,MLT,28,2010,0.853
Malta,MLT,28,2011,0.853
Malta,MLT,28,2012,0.86
Malta,MLT,28,2013,0.867
Malta,MLT,28,2014,0.874
Malta,MLT,28,2015,0.88
Malta,MLT,28,2016,0.885
Malta,MLT,28,2017,0.888
Malta,MLT,28,2018,0.894
Malta,MLT,28,2019,0.895
Mauritania,MRT,157,2000,0.464
Mauritania,MRT,157,2001,0.463
Mauritania,MRT,157,2002,0.467
Mauritania,MRT,157,2003,0.472
Mauritania,MRT,157,2004,0.482
Mauritania,MRT,157,2005,0.486
Mauritania,MRT,157,2006,0.496
Mauritania,MRT,157,2007,0.495
Mauritania,MRT,157,2008,0.494
Mauritania,MRT,157,2009,0.502
Mauritania,MRT,157,2010,0.505
Mauritania,MRT,157,2011,0.509
Mauritania,MRT,157,2012,0.517
Mauritania,MRT,157,2013,0.525
Mauritania,MRT,157,2014,0.531
Mauritania,MRT,157,2015,0.536
Mauritania,MRT,157,2016,0.542
Mauritania,MRT,157,2017,0.54
Mauritania,MRT,157,2018,0.542
Mauritania,MRT,157,2019,0.546
Mauritius,MUS,66,2000,0.678
Mauritius,MUS,66,2001,0.687
Mauritius,MUS,66,2002,0.692
Mauritius,MUS,66,2003,0.701
Mauritius,MUS,66,2004,0.708
Mauritius,MUS,66,2005,0.717
Mauritius,MUS,66,2006,0.724
Mauritius,MUS,66,2007,0.731
Mauritius,MUS,66,2008,0.738
Mauritius,MUS,66,2009,0.745
Mauritius,MUS,66,2010,0.751
Mauritius,MUS,66,2011,0.76
Mauritius,MUS,66,2012,0.771
Mauritius,MUS,66,2013,0.779
Mauritius,MUS,66,2014,0.789
Mauritius,MUS,66,2015,0.789
Mauritius,MUS,66,2016,0.794
Mauritius,MUS,66,2017,0.797
Mauritius,MUS,66,2018,0.801
Mauritius,MUS,66,2019,0.804
Mexico,MEX,74,2000,0.708
Mexico,MEX,74,2001,0.712
Mexico,MEX,74,2002,0.718
Mexico,MEX,74,2003,0.722
Mexico,MEX,74,2004,0.731
Mexico,MEX,74,2005,0.737
Mexico,MEX,74,2006,0.745
Mexico,MEX,74,2007,0.746
Mexico,MEX,74,2008,0.748
Mexico,MEX,74,2009,0.748
Mexico,MEX,74,2010,0.748
Mexico,MEX,74,2011,0.755
Mexico,MEX,74,2012,0.759
Mexico,MEX,74,2013,0.756
Mexico,MEX,74,2014,0.761
Mexico,MEX,74,2015,0.766
Mexico,MEX,74,2016,0.768
Mexico,MEX,74,2017,0.771
Mexico,MEX,74,2018,0.776
Mexico,MEX,74,2019,0.779
Mongolia,MNG,99,2000,0.588
Mongolia,MNG,99,2001,0.599
Mongolia,MNG,99,2002,0.608
Mongolia,MNG,99,2003,0.621
Mongolia,MNG,99,2004,0.636
Mongolia,MNG,99,2005,0.649
Mongolia,MNG,99,2006,0.659
Mongolia,MNG,99,2007,0.671
Mongolia,MNG,99,2008,0.682
Mongolia,MNG,99,2009,0.687
Mongolia,MNG,99,2010,0.696
Mongolia,MNG,99,2011,0.71
Mongolia,MNG,99,2012,0.718
Mongolia,MNG,99,2013,0.727
Mongolia,MNG,99,2014,0.732
Mongolia,MNG,99,2015,0.735
Mongolia,MNG,99,2016,0.729
Mongolia,MNG,99,2017,0.728
Mongolia,MNG,99,2018,0.735
Mongolia,MNG,99,2019,0.737
Montenegro,MNE,48,2000,..
Montenegro,MNE,48,2001,..
Montenegro,MNE,48,2002,..
Montenegro,MNE,48,2003,..
Montenegro,MNE,48,2004,..
Montenegro,MNE,48,2005,..
Montenegro,MNE,48,2006,0.773
Montenegro,MNE,48,2007,0.784
Montenegro,MNE,48,2008,0.794
Montenegro,MNE,48,2009,0.797
Montenegro,MNE,48,2010,0.802
Montenegro,MNE,48,2011,0.806
Montenegro,MNE,48,2012,0.807
Montenegro,MNE,48,2013,0.811
Montenegro,MNE,48,2014,0.813
Montenegro,MNE,48,2015,0.816
Montenegro,MNE,48,2016,0.818
Montenegro,MNE,48,2017,0.822
Montenegro,MNE,48,2018,0.826
Montenegro,MNE,48,2019,0.829
Morocco,MAR,121,2000,0.529
Morocco,MAR,121,2001,0.541
Morocco,MAR,121,2002,0.551
Morocco,MAR,121,2003,0.562
Morocco,MAR,121,2004,0.572
Morocco,MAR,121,2005,0.58
Morocco,MAR,121,2006,0.586
Morocco,MAR,121,2007,0.594
Morocco,MAR,121,2008,0.602
Morocco,MAR,121,2009,0.608
Morocco,MAR,121,2010,0.616
Morocco,MAR,121,2011,0.626
Morocco,MAR,121,2012,0.635
Morocco,MAR,121,2013,0.644
Morocco,MAR,121,2014,0.652
Morocco,MAR,121,2015,0.658
Morocco,MAR,121,2016,0.667
Morocco,MAR,121,2017,0.673
Morocco,MAR,121,2018,0.68
Morocco,MAR,121,2019,0.686
Mozambique,MOZ,181,2000,0.307
Mozambique,MOZ,181,2001,0.32
Mozambique,MOZ,181,2002,0.327
Mozambique,MOZ,181,2003,0.34
Mozambique,MOZ,181,2004,0.349
Mozambique,MOZ,181,2005,0.36
Mozambique,MOZ,181,2006,0.366
Mozambique,MOZ,181,2007,0.378
Mozambique,MOZ,181,2008,0.387
Mozambique,MOZ,181,2009,0.394
Mozambique,MOZ,181,2010,0.401
Mozambique,MOZ,181,2011,0.397
Mozambique,MOZ,181,2012,0.403
Mozambique,MOZ,181,2013,0.417
Mozambique,MOZ,181,2014,0.425
Mozambique,MOZ,181,2015,0.433
Mozambique,MOZ,181,2016,0.441
Mozambique,MOZ,181,2017,0.446
Mozambique,MOZ,181,2018,0.452
Mozambique,MOZ,181,2019,0.456
Myanmar,MMR,147,2000,0.414
Myanmar,MMR,147,2001,0.423
Myanmar,MMR,147,2002,0.432
Myanmar,MMR,147,2003,0.442
Myanmar,MMR,147,2004,0.452
Myanmar,MMR,147,2005,0.461
Myanmar,MMR,147,2006,0.471
Myanmar,MMR,147,2007,0.482
Myanmar,MMR,147,2008,0.493
Myanmar,MMR,147,2009,0.504
Myanmar,MMR,147,2010,0.515
Myanmar,MMR,147,2011,0.526
Myanmar,MMR,147,2012,0.533
Myanmar,MMR,147,2013,0.543
Myanmar,MMR,147,2014,0.55
Myanmar,MMR,147,2015,0.557
Myanmar,MMR,147,2016,0.563
Myanmar,MMR,147,2017,0.572
Myanmar,MMR,147,2018,0.579
Myanmar,MMR,147,2019,0.583
Namibia,NAM,130,2000,0.544
Namibia,NAM,130,2001,0.543
Namibia,NAM,130,2002,0.541
Namibia,NAM,130,2003,0.543
Namibia,NAM,130,2004,0.545
Namibia,NAM,130,2005,0.545
Namibia,NAM,130,2006,0.551
Namibia,NAM,130,2007,0.559
Namibia,NAM,130,2008,0.567
Namibia,NAM,130,2009,0.576
Namibia,NAM,130,2010,0.589
Namibia,NAM,130,2011,0.602
Namibia,NAM,130,2012,0.613
Namibia,NAM,130,2013,0.624
Namibia,NAM,130,2014,0.631
Namibia,NAM,130,2015,0.638
Namibia,NAM,130,2016,0.639
Namibia,NAM,130,2017,0.644
Namibia,NAM,130,2018,0.645
Namibia,NAM,130,2019,0.646
Nepal,NPL,142,2000,0.453
Nepal,NPL,142,2001,0.454
Nepal,NPL,142,2002,0.464
Nepal,NPL,142,2003,0.47
Nepal,NPL,142,2004,0.476
Nepal,NPL,142,2005,0.482
Nepal,NPL,142,2006,0.493
Nepal,NPL,142,2007,0.498
Nepal,NPL,142,2008,0.509
Nepal,NPL,142,2009,0.522
Nepal,NPL,142,2010,0.537
Nepal,NPL,142,2011,0.545
Nepal,NPL,142,2012,0.559
Nepal,NPL,142,2013,0.568
Nepal,NPL,142,2014,0.576
Nepal,NPL,142,2015,0.583
Nepal,NPL,142,2016,0.586
Nepal,NPL,142,2017,0.588
Nepal,NPL,142,2018,0.596
Nepal,NPL,142,2019,0.602
Netherlands,NLD,8,2000,0.882
Netherlands,NLD,8,2001,0.886
Netherlands,NLD,8,2002,0.885
Netherlands,NLD,8,2003,0.89
Netherlands,NLD,8,2004,0.892
Netherlands,NLD,8,2005,0.897
Netherlands,NLD,8,2006,0.903
Netherlands,NLD,8,2007,0.91
Netherlands,NLD,8,2008,0.913
Netherlands,NLD,8,2009,0.912
Netherlands,NLD,8,2010,0.917
Netherlands,NLD,8,2011,0.928
Netherlands,NLD,8,2012,0.928
Netherlands,NLD,8,2013,0.93
Netherlands,NLD,8,2014,0.932
Netherlands,NLD,8,2015,0.934
Netherlands,NLD,8,2016,0.936
Netherlands,NLD,8,2017,0.939
Netherlands,NLD,8,2018,0.942
Netherlands,NLD,8,2019,0.944
New Zealand,NZL,14,2000,0.876
New Zealand,NZL,14,2001,0.88
New Zealand,NZL,14,2002,0.888
New Zealand,NZL,14,2003,0.891
New Zealand,NZL,14,2004,0.894
New Zealand,NZL,14,2005,0.896
New Zealand,NZL,14,2006,0.898
New Zealand,NZL,14,2007,0.901
New Zealand,NZL,14,2008,0.902
New Zealand,NZL,14,2009,0.905
New Zealand,NZL,14,2010,0.906
New Zealand,NZL,14,2011,0.909
New Zealand,NZL,14,2012,0.911
New Zealand,NZL,14,2013,0.914
New Zealand,NZL,14,2014,0.916
New Zealand,NZL,14,2015,0.921
New Zealand,NZL,14,2016,0.924
New Zealand,NZL,14,2017,0.926
New Zealand,NZL,14,2018,0.928
New Zealand,NZL,14,2019,0.931
Nicaragua,NIC,128,2000,0.577
Nicaragua,NIC,128,2001,0.583
Nicaragua,NIC,128,2002,0.589
Nicaragua,NIC,128,2003,0.592
Nicaragua,NIC,128,2004,0.597
Nicaragua,NIC,128,2005,0.601
Nicaragua,NIC,128,2006,0.605
Nicaragua,NIC,128,2007,0.611
Nicaragua,NIC,128,2008,0.616
Nicaragua,NIC,128,2009,0.617
Nicaragua,NIC,128,2010,0.622
Nicaragua,NIC,128,2011,0.628
Nicaragua,NIC,128,2012,0.633
Nicaragua,NIC,128,2013,0.639
Nicaragua,NIC,128,2014,0.649
Nicaragua,NIC,128,2015,0.652
Nicaragua,NIC,128,2016,0.657
Nicaragua,NIC,128,2017,0.661
Nicaragua,NIC,128,2018,0.659
Nicaragua,NIC,128,2019,0.66
Niger,NER,189,2000,0.262
Niger,NER,189,2001,0.268
Niger,NER,189,2002,0.273
Niger,NER,189,2003,0.276
Niger,NER,189,2004,0.285
Niger,NER,189,2005,0.294
Niger,NER,189,2006,0.3
Niger,NER,189,2007,0.306
Niger,NER,189,2008,0.314
Niger,NER,189,2009,0.321
Niger,NER,189,2010,0.331
Niger,NER,189,2011,0.338
Niger,NER,189,2012,0.35
Niger,NER,189,2013,0.357
Niger,NER,189,2014,0.365
Niger,NER,189,2015,0.372
Niger,NER,189,2016,0.378
Niger,NER,189,2017,0.386
Niger,NER,189,2018,0.391
Niger,NER,189,2019,0.394
Nigeria,NGA,161,2000,..
Nigeria,NGA,161,2001,..
Nigeria,NGA,161,2002,..
Nigeria,NGA,161,2003,0.45
Nigeria,NGA,161,2004,0.46
Nigeria,NGA,161,2005,0.465
Nigeria,NGA,161,2006,0.473
Nigeria,NGA,161,2007,0.478
Nigeria,NGA,161,2008,0.484
Nigeria,NGA,161,2009,0.49
Nigeria,NGA,161,2010,0.482
Nigeria,NGA,161,2011,0.492
Nigeria,NGA,161,2012,0.5
Nigeria,NGA,161,2013,0.519
Nigeria,NGA,161,2014,0.523
Nigeria,NGA,161,2015,0.526
Nigeria,NGA,161,2016,0.526
Nigeria,NGA,161,2017,0.531
Nigeria,NGA,161,2018,0.534
Nigeria,NGA,161,2019,0.539
North Macedonia,MKD,82,2000,0.677
North Macedonia,MKD,82,2001,0.681
North Macedonia,MKD,82,2002,0.688
North Macedonia,MKD,82,2003,0.694
North Macedonia,MKD,82,2004,0.702
North Macedonia,MKD,82,2005,0.71
North Macedonia,MKD,82,2006,0.716
North Macedonia,MKD,82,2007,0.721
North Macedonia,MKD,82,2008,0.737
North Macedonia,MKD,82,2009,0.739
North Macedonia,MKD,82,2010,0.743
North Macedonia,MKD,82,2011,0.747
North Macedonia,MKD,82,2012,0.748
North Macedonia,MKD,82,2013,0.751
North Macedonia,MKD,82,2014,0.755
North Macedonia,MKD,82,2015,0.761
North Macedonia,MKD,82,2016,0.765
North Macedonia,MKD,82,2017,0.767
North Macedonia,MKD,82,2018,0.77
North Macedonia,MKD,82,2019,0.774
Norway,NOR,1,2000,0.915
Norway,NOR,1,2001,0.914
Norway,NOR,1,2002,0.917
Norway,NOR,1,2003,0.923
Norway,NOR,1,2004,0.932
Norway,NOR,1,2005,0.931
Norway,NOR,1,2006,0.934
Norway,NOR,1,2007,0.936
Norway,NOR,1,2008,0.937
Norway,NOR,1,2009,0.937
Norway,NOR,1,2010,0.94
Norway,NOR,1,2011,0.942
Norway,NOR,1,2012,0.941
Norway,NOR,1,2013,0.944
Norway,NOR,1,2014,0.944
Norway,NOR,1,2015,0.947
Norway,NOR,1,2016,0.95
Norway,NOR,1,2017,0.954
Norway,NOR,1,2018,0.956
Norway,NOR,1,2019,0.957
Oman,OMN,60,2000,0.693
Oman,OMN,60,2001,0.705
Oman,OMN,60,2002,0.714
Oman,OMN,60,2003,0.724
Oman,OMN,60,2004,0.731
Oman,OMN,60,2005,0.736
Oman,OMN,60,2006,0.74
Oman,OMN,60,2007,0.752
Oman,OMN,60,2008,0.77
Oman,OMN,60,2009,0.777
Oman,OMN,60,2010,0.782
Oman,OMN,60,2011,0.782
Oman,OMN,60,2012,0.791
Oman,OMN,60,2013,0.799
Oman,OMN,60,2014,0.802
Oman,OMN,60,2015,0.814
Oman,OMN,60,2016,0.815
Oman,OMN,60,2017,0.819
Oman,OMN,60,2018,0.813
Oman,OMN,60,2019,0.813
Pakistan,PAK,154,2000,0.447
Pakistan,PAK,154,2001,0.454
Pakistan,PAK,154,2002,0.462
Pakistan,PAK,154,2003,0.471
Pakistan,PAK,154,2004,0.473
Pakistan,PAK,154,2005,0.486
Pakistan,PAK,154,2006,0.492
Pakistan,PAK,154,2007,0.496
Pakistan,PAK,154,2008,0.503
Pakistan,PAK,154,2009,0.508
Pakistan,PAK,154,2010,0.512
Pakistan,PAK,154,2011,0.516
Pakistan,PAK,154,2012,0.519
Pakistan,PAK,154,2013,0.523
Pakistan,PAK,154,2014,0.53
Pakistan,PAK,154,2015,0.536
Pakistan,PAK,154,2016,0.542
Pakistan,PAK,154,2017,0.55
Pakistan,PAK,154,2018,0.552
Pakistan,PAK,154,2019,0.557
Panama,PAN,57,2000,0.735
Panama,PAN,57,2001,0.738
Panama,PAN,57,2002,0.744
Panama,PAN,57,2003,0.746
Panama,PAN,57,2004,0.751
Panama,PAN,57,2005,0.754
Panama,PAN,57,2006,0.759
Panama,PAN,57,2007,0.767
Panama,PAN,57,2008,0.771
Panama,PAN,57,2009,0.772
Panama,PAN,57,2010,0.774
Panama,PAN,57,2011,0.78
Panama,PAN,57,2012,0.786
Panama,PAN,57,2013,0.791
Panama,PAN,57,2014,0.795
Panama,PAN,57,2015,0.799
Panama,PAN,57,2016,0.805
Panama,PAN,57,2017,0.811
Panama,PAN,57,2018,0.812
Panama,PAN,57,2019,0.815
Papua New Guinea,PNG,155,2000,0.45
Papua New Guinea,PNG,155,2001,0.456
Papua New Guinea,PNG,155,2002,0.462
Papua New Guinea,PNG,155,2003,0.47
Papua New Guinea,PNG,155,2004,0.473
Papua New Guinea,PNG,155,2005,0.48
Papua New Guinea,PNG,155,2006,0.485
Papua New Guinea,PNG,155,2007,0.498
Papua New Guinea,PNG,155,2008,0.503
Papua New Guinea,PNG,155,2009,0.512
Papua New Guinea,PNG,155,2010,0.522
Papua New Guinea,PNG,155,2011,0.53
Papua New Guinea,PNG,155,2012,0.52
Papua New Guinea,PNG,155,2013,0.537
Papua New Guinea,PNG,155,2014,0.542
Papua New Guinea,PNG,155,2015,0.548
Papua New Guinea,PNG,155,2016,0.549
Papua New Guinea,PNG,155,2017,0.549
Papua New Guinea,PNG,155,2018,0.549
Papua New Guinea,PNG,155,2019,0.555
Paraguay,PRY,103,2000,0.643
Paraguay,PRY,103,2001,0.652
Paraguay,PRY,103,2002,0.662
Paraguay,PRY,103,2003,0.66
Paraguay,PRY,103,2004,0.667
Paraguay,PRY,103,2005,0.67
Paraguay,PRY,103,2006,0.67
Paraguay,PRY,103,2007,0.675
Paraguay,PRY,103,2008,0.684
Paraguay,PRY,103,2009,0.681
Paraguay,PRY,103,2010,0.696
Paraguay,PRY,103,2011,0.701
Paraguay,PRY,103,2012,0.701
Paraguay,PRY,103,2013,0.712
Paraguay,PRY,103,2014,0.715
Paraguay,PRY,103,2015,0.721
Paraguay,PRY,103,2016,0.722
Paraguay,PRY,103,2017,0.726
Paraguay,PRY,103,2018,0.727
Paraguay,PRY,103,2019,0.728
Peru,PER,79,2000,0.679
Peru,PER,79,2001,0.687
Peru,PER,79,2002,0.688
Peru,PER,79,2003,0.687
Peru,PER,79,2004,0.694
Peru,PER,79,2005,0.699
Peru,PER,79,2006,0.697
Peru,PER,79,2007,0.704
Peru,PER,79,2008,0.715
Peru,PER,79,2009,0.718
Peru,PER,79,2010,0.721
Peru,PER,79,2011,0.734
Peru,PER,79,2012,0.742
Peru,PER,79,2013,0.75
Peru,PER,79,2014,0.76
Peru,PER,79,2015,0.759
Peru,PER,79,2016,0.765
Peru,PER,79,2017,0.767
Peru,PER,79,2018,0.771
Peru,PER,79,2019,0.777
Philippines,PHL,107,2000,0.632
Philippines,PHL,107,2001,0.633
Philippines,PHL,107,2002,0.638
Philippines,PHL,107,2003,0.642
Philippines,PHL,107,2004,0.652
Philippines,PHL,107,2005,0.654
Philippines,PHL,107,2006,0.656
Philippines,PHL,107,2007,0.662
Philippines,PHL,107,2008,0.666
Philippines,PHL,107,2009,0.665
Philippines,PHL,107,2010,0.671
Philippines,PHL,107,2011,0.676
Philippines,PHL,107,2012,0.684
Philippines,PHL,107,2013,0.691
Philippines,PHL,107,2014,0.696
Philippines,PHL,107,2015,0.701
Philippines,PHL,107,2016,0.704
Philippines,PHL,107,2017,0.708
Philippines,PHL,107,2018,0.711
Philippines,PHL,107,2019,0.718
Poland,POL,35,2000,0.79
Poland,POL,35,2001,0.796
Poland,POL,35,2002,0.804
Poland,POL,35,2003,0.809
Poland,POL,35,2004,0.807
Poland,POL,35,2005,0.813
Poland,POL,35,2006,0.819
Poland,POL,35,2007,0.824
Poland,POL,35,2008,0.829
Poland,POL,35,2009,0.834
Poland,POL,35,2010,0.84
Poland,POL,35,2011,0.845
Poland,POL,35,2012,0.842
Poland,POL,35,2013,0.856
Poland,POL,35,2014,0.858
Poland,POL,35,2015,0.863
Poland,POL,35,2016,0.869
Poland,POL,35,2017,0.873
Poland,POL,35,2018,0.877
Poland,POL,35,2019,0.88
Portugal,PRT,38,2000,0.792
Portugal,PRT,38,2001,0.798
Portugal,PRT,38,2002,0.799
Portugal,PRT,38,2003,0.805
Portugal,PRT,38,2004,0.809
Portugal,PRT,38,2005,0.813
Portugal,PRT,38,2006,0.811
Portugal,PRT,38,2007,0.814
Portugal,PRT,38,2008,0.817
Portugal,PRT,38,2009,0.823
Portugal,PRT,38,2010,0.829
Portugal,PRT,38,2011,0.833
Portugal,PRT,38,2012,0.836
Portugal,PRT,38,2013,0.84
Portugal,PRT,38,2014,0.847
Portugal,PRT,38,2015,0.854
Portugal,PRT,38,2016,0.855
Portugal,PRT,38,2017,0.858
Portugal,PRT,38,2018,0.86
Portugal,PRT,38,2019,0.864
Qatar,QAT,45,2000,0.816
Qatar,QAT,45,2001,0.817
Qatar,QAT,45,2002,0.822
Qatar,QAT,45,2003,0.83
Qatar,QAT,45,2004,0.832
Qatar,QAT,45,2005,0.838
Qatar,QAT,45,2006,0.835
Qatar,QAT,45,2007,0.838
Qatar,QAT,45,2008,0.843
Qatar,QAT,45,2009,0.841
Qatar,QAT,45,2010,0.834
Qatar,QAT,45,2011,0.84
Qatar,QAT,45,2012,0.854
Qatar,QAT,45,2013,0.842
Qatar,QAT,45,2014,0.835
Qatar,QAT,45,2015,0.839
Qatar,QAT,45,2016,0.845
Qatar,QAT,45,2017,0.848
Qatar,QAT,45,2018,0.845
Qatar,QAT,45,2019,0.848
Romania,ROU,49,2000,0.716
Romania,ROU,49,2001,0.722
Romania,ROU,49,2002,0.731
Romania,ROU,49,2003,0.739
Romania,ROU,49,2004,0.753
Romania,ROU,49,2005,0.762
Romania,ROU,49,2006,0.774
Romania,ROU,49,2007,0.788
Romania,ROU,49,2008,0.803
Romania,ROU,49,2009,0.806
Romania,ROU,49,2010,0.805
Romania,ROU,49,2011,0.806
Romania,ROU,49,2012,0.803
Romania,ROU,49,2013,0.808
Romania,ROU,49,2014,0.811
Romania,ROU,49,2015,0.815
Romania,ROU,49,2016,0.82
Romania,ROU,49,2017,0.821
Romania,ROU,49,2018,0.823
Romania,ROU,49,2019,0.828
Russia,RUS,52,2000,0.722
Russia,RUS,52,2001,0.728
Russia,RUS,52,2002,0.734
Russia,RUS,52,2003,0.742
Russia,RUS,52,2004,0.748
Russia,RUS,52,2005,0.753
Russia,RUS,52,2006,0.76
Russia,RUS,52,2007,0.769
Russia,RUS,52,2008,0.775
Russia,RUS,52,2009,0.773
Russia,RUS,52,2010,0.781
Russia,RUS,52,2011,0.79
Russia,RUS,52,2012,0.798
Russia,RUS,52,2013,0.802
Russia,RUS,52,2014,0.807
Russia,RUS,52,2015,0.809
Russia,RUS,52,2016,0.815
Russia,RUS,52,2017,0.82
Russia,RUS,52,2018,0.823
Russia,RUS,52,2019,0.824
Rwanda,RWA,160,2000,0.341
Rwanda,RWA,160,2001,0.35
Rwanda,RWA,160,2002,0.366
Rwanda,RWA,160,2003,0.379
Rwanda,RWA,160,2004,0.396
Rwanda,RWA,160,2005,0.413
Rwanda,RWA,160,2006,0.434
Rwanda,RWA,160,2007,0.45
Rwanda,RWA,160,2008,0.461
Rwanda,RWA,160,2009,0.477
Rwanda,RWA,160,2010,0.492
Rwanda,RWA,160,2011,0.5
Rwanda,RWA,160,2012,0.508
Rwanda,RWA,160,2013,0.515
Rwanda,RWA,160,2014,0.521
Rwanda,RWA,160,2015,0.526
Rwanda,RWA,160,2016,0.527
Rwanda,RWA,160,2017,0.535
Rwanda,RWA,160,2018,0.54
Rwanda,RWA,160,2019,0.543
Saint Lucia,LCA,86,2000,0.695
Saint Lucia,LCA,86,2001,0.691
Saint Lucia,LCA,86,2002,0.693
Saint Lucia,LCA,86,2003,0.695
Saint Lucia,LCA,86,2004,0.695
Saint Lucia,LCA,86,2005,0.698
Saint Lucia,LCA,86,2006,0.712
Saint Lucia,LCA,86,2007,0.714
Saint Lucia,LCA,86,2008,0.725
Saint Lucia,LCA,86,2009,0.728
Saint Lucia,LCA,86,2010,0.73
Saint Lucia,LCA,86,2011,0.736
Saint Lucia,LCA,86,2012,0.73
Saint Lucia,LCA,86,2013,0.732
Saint Lucia,LCA,86,2014,0.735
Saint Lucia,LCA,86,2015,0.747
Saint Lucia,LCA,86,2016,0.752
Saint Lucia,LCA,86,2017,0.759
Saint Lucia,LCA,86,2018,0.758
Saint Lucia,LCA,86,2019,0.759
Saint Vincent and the Grenadines,VCT,97,2000,0.681
Saint Vincent and the Grenadines,VCT,97,2001,0.686
Saint Vincent and the Grenadines,VCT,97,2002,0.69
Saint Vincent and the Grenadines,VCT,97,2003,0.698
Saint Vincent and the Grenadines,VCT,97,2004,0.701
Saint Vincent and the Grenadines,VCT,97,2005,0.705
Saint Vincent and the Grenadines,VCT,97,2006,0.711
Saint Vincent and the Grenadines,VCT,97,2007,0.715
Saint Vincent and the Grenadines,VCT,97,2008,0.721
Saint Vincent and the Grenadines,VCT,97,2009,0.72
Saint Vincent and the Grenadines,VCT,97,2010,0.718
Saint Vincent and the Grenadines,VCT,97,2011,0.721
Saint Vincent and the Grenadines,VCT,97,2012,0.72
Saint Vincent and the Grenadines,VCT,97,2013,0.723
Saint Vincent and the Grenadines,VCT,97,2014,0.733
Saint Vincent and the Grenadines,VCT,97,2015,0.733
Saint Vincent and the Grenadines,VCT,97,2016,0.734
Saint Vincent and the Grenadines,VCT,97,2017,0.734
Saint Vincent and the Grenadines,VCT,97,2018,0.736
Saint Vincent and the Grenadines,VCT,97,2019,0.738
Samoa,WSM,111,2000,0.651
Samoa,WSM,111,2001,0.659
Samoa,WSM,111,2002,0.659
Samoa,WSM,111,2003,0.665
Samoa,WSM,111,2004,0.673
Samoa,WSM,111,2005,0.677
Samoa,WSM,111,2006,0.68
Samoa,WSM,111,2007,0.686
Samoa,WSM,111,2008,0.687
Samoa,WSM,111,2009,0.691
Samoa,WSM,111,2010,0.698
Samoa,WSM,111,2011,0.701
Samoa,WSM,111,2012,0.698
Samoa,WSM,111,2013,0.7
Samoa,WSM,111,2014,0.703
Samoa,WSM,111,2015,0.707
Samoa,WSM,111,2016,0.71
Samoa,WSM,111,2017,0.71
Samoa,WSM,111,2018,0.709
Samoa,WSM,111,2019,0.715
Sao Tome and Principe,STP,135,2000,0.498
Sao Tome and Principe,STP,135,2001,0.506
Sao Tome and Principe,STP,135,2002,0.511
Sao Tome and Principe,STP,135,2003,0.519
Sao Tome and Principe,STP,135,2004,0.526
Sao Tome and Principe,STP,135,2005,0.533
Sao Tome and Principe,STP,135,2006,0.543
Sao Tome and Principe,STP,135,2007,0.548
Sao Tome and Principe,STP,135,2008,0.546
Sao Tome and Principe,STP,135,2009,0.556
Sao Tome and Principe,STP,135,2010,0.561
Sao Tome and Principe,STP,135,2011,0.568
Sao Tome and Principe,STP,135,2012,0.573
Sao Tome and Principe,STP,135,2013,0.582
Sao Tome and Principe,STP,135,2014,0.591
Sao Tome and Principe,STP,135,2015,0.604
Sao Tome and Principe,STP,135,2016,0.608
Sao Tome and Principe,STP,135,2017,0.619
Sao Tome and Principe,STP,135,2018,0.624
Sao Tome and Principe,STP,135,2019,0.625
Saudi Arabia,SAU,40,2000,0.743
Saudi Arabia,SAU,40,2001,0.746
Saudi Arabia,SAU,40,2002,0.748
Saudi Arabia,SAU,40,2003,0.755
Saudi Arabia,SAU,40,2004,0.764
Saudi Arabia,SAU,40,2005,0.77
Saudi Arabia,SAU,40,2006,0.777
Saudi Arabia,SAU,40,2007,0.783
Saudi Arabia,SAU,40,2008,0.792
Saudi Arabia,SAU,40,2009,0.796
Saudi Arabia,SAU,40,2010,0.809
Saudi Arabia,SAU,40,2011,0.823
Saudi Arabia,SAU,40,2012,0.835
Saudi Arabia,SAU,40,2013,0.845
Saudi Arabia,SAU,40,2014,0.852
Saudi Arabia,SAU,40,2015,0.859
Saudi Arabia,SAU,40,2016,0.859
Saudi Arabia,SAU,40,2017,0.852
Saudi Arabia,SAU,40,2018,0.854
Saudi Arabia,SAU,40,2019,0.854
Senegal,SEN,168,2000,0.39
Senegal,SEN,168,2001,0.405
Senegal,SEN,168,2002,0.41
Senegal,SEN,168,2003,0.418
Senegal,SEN,168,2004,0.426
Senegal,SEN,168,2005,0.434
Senegal,SEN,168,2006,0.438
Senegal,SEN,168,2007,0.447
Senegal,SEN,168,2008,0.457
Senegal,SEN,168,2009,0.461
Senegal,SEN,168,2010,0.468
Senegal,SEN,168,2011,0.471
Senegal,SEN,168,2012,0.487
Senegal,SEN,168,2013,0.494
Senegal,SEN,168,2014,0.499
Senegal,SEN,168,2015,0.506
Senegal,SEN,168,2016,0.509
Senegal,SEN,168,2017,0.512
Senegal,SEN,168,2018,0.516
Senegal,SEN,168,2019,0.512
Serbia,SRB,64,2000,0.716
Serbia,SRB,64,2001,0.723
Serbia,SRB,64,2002,0.726
Serbia,SRB,64,2003,0.732
Serbia,SRB,64,2004,0.74
Serbia,SRB,64,2005,0.749
Serbia,SRB,64,2006,0.754
Serbia,SRB,64,2007,0.758
Serbia,SRB,64,2008,0.764
Serbia,SRB,64,2009,0.766
Serbia,SRB,64,2010,0.766
Serbia,SRB,64,2011,0.776
Serbia,SRB,64,2012,0.775
Serbia,SRB,64,2013,0.778
Serbia,SRB,64,2014,0.784
Serbia,SRB,64,2015,0.789
Serbia,SRB,64,2016,0.795
Serbia,SRB,64,2017,0.798
Serbia,SRB,64,2018,0.803
Serbia,SRB,64,2019,0.806
Seychelles,SYC,67,2000,0.714
Seychelles,SYC,67,2001,0.71
Seychelles,SYC,67,2002,0.711
Seychelles,SYC,67,2003,0.714
Seychelles,SYC,67,2004,0.716
Seychelles,SYC,67,2005,0.732
Seychelles,SYC,67,2006,0.722
Seychelles,SYC,67,2007,0.745
Seychelles,SYC,67,2008,0.75
Seychelles,SYC,67,2009,0.754
Seychelles,SYC,67,2010,0.764
Seychelles,SYC,67,2011,0.767
Seychelles,SYC,67,2012,0.755
Seychelles,SYC,67,2013,0.775
Seychelles,SYC,67,2014,0.775
Seychelles,SYC,67,2015,0.786
Seychelles,SYC,67,2016,0.787
Seychelles,SYC,67,2017,0.789
Seychelles,SYC,67,2018,0.79
Seychelles,SYC,67,2019,0.796
Sierra Leone,SLE,182,2000,0.295
Sierra Leone,SLE,182,2001,0.309
Sierra Leone,SLE,182,2002,0.326
Sierra Leone,SLE,182,2003,0.336
Sierra Leone,SLE,182,2004,0.345
Sierra Leone,SLE,182,2005,0.354
Sierra Leone,SLE,182,2006,0.362
Sierra Leone,SLE,182,2007,0.375
Sierra Leone,SLE,182,2008,0.386
Sierra Leone,SLE,182,2009,0.394
Sierra Leone,SLE,182,2010,0.399
Sierra Leone,SLE,182,2011,0.406
Sierra Leone,SLE,182,2012,0.421
Sierra Leone,SLE,182,2013,0.433
Sierra Leone,SLE,182,2014,0.438
Sierra Leone,SLE,182,2015,0.431
Sierra Leone,SLE,182,2016,0.431
Sierra Leone,SLE,182,2017,0.443
Sierra Leone,SLE,182,2018,0.447
Sierra Leone,SLE,182,2019,0.452
Singapore,SGP,11,2000,0.821
Singapore,SGP,11,2001,0.825
Singapore,SGP,11,2002,0.833
Singapore,SGP,11,2003,0.842
Singapore,SGP,11,2004,0.849
Singapore,SGP,11,2005,0.874
Singapore,SGP,11,2006,0.881
Singapore,SGP,11,2007,0.882
Singapore,SGP,11,2008,0.888
Singapore,SGP,11,2009,0.888
Singapore,SGP,11,2010,0.909
Singapore,SGP,11,2011,0.913
Singapore,SGP,11,2012,0.918
Singapore,SGP,11,2013,0.921
Singapore,SGP,11,2014,0.926
Singapore,SGP,11,2015,0.931
Singapore,SGP,11,2016,0.935
Singapore,SGP,11,2017,0.933
Singapore,SGP,11,2018,0.936
Singapore,SGP,11,2019,0.938
Slovakia,SVK,39,2000,0.765
Slovakia,SVK,39,2001,0.766
Slovakia,SVK,39,2002,0.773
Slovakia,SVK,39,2003,0.778
Slovakia,SVK,39,2004,0.786
Slovakia,SVK,39,2005,0.796
Slovakia,SVK,39,2006,0.805
Slovakia,SVK,39,2007,0.816
Slovakia,SVK,39,2008,0.823
Slovakia,SVK,39,2009,0.825
Slovakia,SVK,39,2010,0.831
Slovakia,SVK,39,2011,0.838
Slovakia,SVK,39,2012,0.843
Slovakia,SVK,39,2013,0.845
Slovakia,SVK,39,2014,0.847
Slovakia,SVK,39,2015,0.85
Slovakia,SVK,39,2016,0.853
Slovakia,SVK,39,2017,0.855
Slovakia,SVK,39,2018,0.858
Slovakia,SVK,39,2019,0.86
Slovenia,SVN,22,2000,0.832
Slovenia,SVN,22,2001,0.843
Slovenia,SVN,22,2002,0.85
Slovenia,SVN,22,2003,0.857
Slovenia,SVN,22,2004,0.864
Slovenia,SVN,22,2005,0.869
Slovenia,SVN,22,2006,0.876
Slovenia,SVN,22,2007,0.88
Slovenia,SVN,22,2008,0.886
Slovenia,SVN,22,2009,0.885
Slovenia,SVN,22,2010,0.889
Slovenia,SVN,22,2011,0.891
Slovenia,SVN,22,2012,0.884
Slovenia,SVN,22,2013,0.893
Slovenia,SVN,22,2014,0.894
Slovenia,SVN,22,2015,0.894
Slovenia,SVN,22,2016,0.9
Slovenia,SVN,22,2017,0.907
Slovenia,SVN,22,2018,0.912
Slovenia,SVN,22,2019,0.917
Solomon Islands,SLB,151,2000,0.475
Solomon Islands,SLB,151,2001,0.48
Solomon Islands,SLB,151,2002,0.486
Solomon Islands,SLB,151,2003,0.492
Solomon Islands,SLB,151,2004,0.5
Solomon Islands,SLB,151,2005,0.509
Solomon Islands,SLB,151,2006,0.519
Solomon Islands,SLB,151,2007,0.526
Solomon Islands,SLB,151,2008,0.524
Solomon Islands,SLB,151,2009,0.517
Solomon Islands,SLB,151,2010,0.537
Solomon Islands,SLB,151,2011,0.541
Solomon Islands,SLB,151,2012,0.553
Solomon Islands,SLB,151,2013,0.558
Solomon Islands,SLB,151,2014,0.559
Solomon Islands,SLB,151,2015,0.563
Solomon Islands,SLB,151,2016,0.561
Solomon Islands,SLB,151,2017,0.562
Solomon Islands,SLB,151,2018,0.564
Solomon Islands,SLB,151,2019,0.567
South Africa,ZAF,114,2000,0.631
South Africa,ZAF,114,2001,0.611
South Africa,ZAF,114,2002,0.619
South Africa,ZAF,114,2003,0.619
South Africa,ZAF,114,2004,0.619
South Africa,ZAF,114,2005,0.622
South Africa,ZAF,114,2006,0.626
South Africa,ZAF,114,2007,0.632
South Africa,ZAF,114,2008,0.646
South Africa,ZAF,114,2009,0.655
South Africa,ZAF,114,2010,0.664
South Africa,ZAF,114,2011,0.665
South Africa,ZAF,114,2012,0.675
South Africa,ZAF,114,2013,0.685
South Africa,ZAF,114,2014,0.693
South Africa,ZAF,114,2015,0.701
South Africa,ZAF,114,2016,0.703
South Africa,ZAF,114,2017,0.705
South Africa,ZAF,114,2018,0.707
South Africa,ZAF,114,2019,0.709
Spain,ESP,25,2000,0.832
Spain,ESP,25,2001,0.835
Spain,ESP,25,2002,0.837
Spain,ESP,25,2003,0.84
Spain,ESP,25,2004,0.844
Spain,ESP,25,2005,0.851
Spain,ESP,25,2006,0.856
Spain,ESP,25,2007,0.86
Spain,ESP,25,2008,0.863
Spain,ESP,25,2009,0.865
Spain,ESP,25,2010,0.872
Spain,ESP,25,2011,0.878
Spain,ESP,25,2012,0.881
Spain,ESP,25,2013,0.882
Spain,ESP,25,2014,0.888
Spain,ESP,25,2015,0.895
Spain,ESP,25,2016,0.899
Spain,ESP,25,2017,0.903
Spain,ESP,25,2018,0.905
Spain,ESP,25,2019,0.904
Sri Lanka,LKA,72,2000,0.691
Sri Lanka,LKA,72,2001,0.697
Sri Lanka,LKA,72,2002,0.703
Sri Lanka,LKA,72,2003,0.712
Sri Lanka,LKA,72,2004,0.719
Sri Lanka,LKA,72,2005,0.725
Sri Lanka,LKA,72,2006,0.732
Sri Lanka,LKA,72,2007,0.738
Sri Lanka,LKA,72,2008,0.746
Sri Lanka,LKA,72,2009,0.749
Sri Lanka,LKA,72,2010,0.754
Sri Lanka,LKA,72,2011,0.76
Sri Lanka,LKA,72,2012,0.766
Sri Lanka,LKA,72,2013,0.769
Sri Lanka,LKA,72,2014,0.773
Sri Lanka,LKA,72,2015,0.776
Sri Lanka,LKA,72,2016,0.773
Sri Lanka,LKA,72,2017,0.775
Sri Lanka,LKA,72,2018,0.779
Sri Lanka,LKA,72,2019,0.782
Sudan,SDN,170,2000,0.403
Sudan,SDN,170,2001,0.409
Sudan,SDN,170,2002,0.415
Sudan,SDN,170,2003,0.422
Sudan,SDN,170,2004,0.43
Sudan,SDN,170,2005,0.437
Sudan,SDN,170,2006,0.443
Sudan,SDN,170,2007,0.45
Sudan,SDN,170,2008,0.461
Sudan,SDN,170,2009,0.468
Sudan,SDN,170,2010,0.469
Sudan,SDN,170,2011,0.474
Sudan,SDN,170,2012,0.486
Sudan,SDN,170,2013,0.494
Sudan,SDN,170,2014,0.499
Sudan,SDN,170,2015,0.504
Sudan,SDN,170,2016,0.507
Sudan,SDN,170,2017,0.509
Sudan,SDN,170,2018,0.506
Sudan,SDN,170,2019,0.51
Suriname,SUR,97,2000,..
Suriname,SUR,97,2001,..
Suriname,SUR,97,2002,..
Suriname,SUR,97,2003,..
Suriname,SUR,97,2004,0.682
Suriname,SUR,97,2005,0.686
Suriname,SUR,97,2006,0.691
Suriname,SUR,97,2007,0.697
Suriname,SUR,97,2008,0.701
Suriname,SUR,97,2009,0.707
Suriname,SUR,97,2010,0.71
Suriname,SUR,97,2011,0.717
Suriname,SUR,97,2012,0.729
Suriname,SUR,97,2013,0.734
Suriname,SUR,97,2014,0.735
Suriname,SUR,97,2015,0.74
Suriname,SUR,97,2016,0.735
Suriname,SUR,97,2017,0.732
Suriname,SUR,97,2018,0.734
Suriname,SUR,97,2019,0.738
Sweden,SWE,7,2000,0.903
Sweden,SWE,7,2001,0.905
Sweden,SWE,7,2002,0.908
Sweden,SWE,7,2003,0.913
Sweden,SWE,7,2004,0.901
Sweden,SWE,7,2005,0.904
Sweden,SWE,7,2006,0.908
Sweden,SWE,7,2007,0.91
Sweden,SWE,7,2008,0.907
Sweden,SWE,7,2009,0.905
Sweden,SWE,7,2010,0.911
Sweden,SWE,7,2011,0.912
Sweden,SWE,7,2012,0.914
Sweden,SWE,7,2013,0.933
Sweden,SWE,7,2014,0.935
Sweden,SWE,7,2015,0.938
Sweden,SWE,7,2016,0.94
Sweden,SWE,7,2017,0.942
Sweden,SWE,7,2018,0.943
Sweden,SWE,7,2019,0.945
Switzerland,CHE,2,2000,0.898
Switzerland,CHE,2,2001,0.9
Switzerland,CHE,2,2002,0.899
Switzerland,CHE,2,2003,0.905
Switzerland,CHE,2,2004,0.909
Switzerland,CHE,2,2005,0.914
Switzerland,CHE,2,2006,0.92
Switzerland,CHE,2,2007,0.923
Switzerland,CHE,2,2008,0.925
Switzerland,CHE,2,2009,0.935
Switzerland,CHE,2,2010,0.941
Switzerland,CHE,2,2011,0.941
Switzerland,CHE,2,2012,0.944
Switzerland,CHE,2,2013,0.946
Switzerland,CHE,2,2014,0.942
Switzerland,CHE,2,2015,0.947
Switzerland,CHE,2,2016,0.947
Switzerland,CHE,2,2017,0.949
Switzerland,CHE,2,2018,0.955
Switzerland,CHE,2,2019,0.955
Syria,SYR,151,2000,0.6
Syria,SYR,151,2001,0.607
Syria,SYR,151,2002,0.607
Syria,SYR,151,2003,0.62
Syria,SYR,151,2004,0.636
Syria,SYR,151,2005,0.652
Syria,SYR,151,2006,0.662
Syria,SYR,151,2007,0.673
Syria,SYR,151,2008,0.676
Syria,SYR,151,2009,0.674
Syria,SYR,151,2010,0.672
Syria,SYR,151,2011,0.678
Syria,SYR,151,2012,0.664
Syria,SYR,151,2013,0.596
Syria,SYR,151,2014,0.556
Syria,SYR,151,2015,0.537
Syria,SYR,151,2016,0.528
Syria,SYR,151,2017,0.564
Syria,SYR,151,2018,0.563
Syria,SYR,151,2019,0.567
Tajikistan,TJK,125,2000,0.555
Tajikistan,TJK,125,2001,0.564
Tajikistan,TJK,125,2002,0.573
Tajikistan,TJK,125,2003,0.588
Tajikistan,TJK,125,2004,0.6
Tajikistan,TJK,125,2005,0.607
Tajikistan,TJK,125,2006,0.617
Tajikistan,TJK,125,2007,0.621
Tajikistan,TJK,125,2008,0.639
Tajikistan,TJK,125,2009,0.633
Tajikistan,TJK,125,2010,0.638
Tajikistan,TJK,125,2011,0.636
Tajikistan,TJK,125,2012,0.643
Tajikistan,TJK,125,2013,0.653
Tajikistan,TJK,125,2014,0.652
Tajikistan,TJK,125,2015,0.652
Tajikistan,TJK,125,2016,0.653
Tajikistan,TJK,125,2017,0.657
Tajikistan,TJK,125,2018,0.661
Tajikistan,TJK,125,2019,0.668
Thailand,THA,79,2000,0.652
Thailand,THA,79,2001,0.66
Thailand,THA,79,2002,0.669
Thailand,THA,79,2003,0.677
Thailand,THA,79,2004,0.686
Thailand,THA,79,2005,0.696
Thailand,THA,79,2006,0.697
Thailand,THA,79,2007,0.714
Thailand,THA,79,2008,0.718
Thailand,THA,79,2009,0.722
Thailand,THA,79,2010,0.724
Thailand,THA,79,2011,0.733
Thailand,THA,79,2012,0.737
Thailand,THA,79,2013,0.734
Thailand,THA,79,2014,0.742
Thailand,THA,79,2015,0.749
Thailand,THA,79,2016,0.756
Thailand,THA,79,2017,0.765
Thailand,THA,79,2018,0.772
Thailand,THA,79,2019,0.777
Togo,TGO,167,2000,0.427
Togo,TGO,167,2001,0.43
Togo,TGO,167,2002,0.433
Togo,TGO,167,2003,0.438
Togo,TGO,167,2004,0.439
Togo,TGO,167,2005,0.438
Togo,TGO,167,2006,0.444
Togo,TGO,167,2007,0.439
Togo,TGO,167,2008,0.447
Togo,TGO,167,2009,0.456
Togo,TGO,167,2010,0.466
Togo,TGO,167,2011,0.479
Togo,TGO,167,2012,0.482
Togo,TGO,167,2013,0.488
Togo,TGO,167,2014,0.493
Togo,TGO,167,2015,0.499
Togo,TGO,167,2016,0.502
Togo,TGO,167,2017,0.506
Togo,TGO,167,2018,0.51
Togo,TGO,167,2019,0.515
Tonga,TON,104,2000,0.675
Tonga,TON,104,2001,0.679
Tonga,TON,104,2002,0.684
Tonga,TON,104,2003,0.693
Tonga,TON,104,2004,0.682
Tonga,TON,104,2005,0.682
Tonga,TON,104,2006,0.683
Tonga,TON,104,2007,0.686
Tonga,TON,104,2008,0.688
Tonga,TON,104,2009,0.693
Tonga,TON,104,2010,0.699
Tonga,TON,104,2011,0.704
Tonga,TON,104,2012,0.708
Tonga,TON,104,2013,0.708
Tonga,TON,104,2014,0.707
Tonga,TON,104,2015,0.72
Tonga,TON,104,2016,0.722
Tonga,TON,104,2017,0.723
Tonga,TON,104,2018,0.723
Tonga,TON,104,2019,0.725
Trinidad and Tobago,TTO,67,2000,0.717
Trinidad and Tobago,TTO,67,2001,0.725
Trinidad and Tobago,TTO,67,2002,0.726
Trinidad and Tobago,TTO,67,2003,0.74
Trinidad and Tobago,TTO,67,2004,0.75
Trinidad and Tobago,TTO,67,2005,0.748
Trinidad and Tobago,TTO,67,2006,0.763
Trinidad and Tobago,TTO,67,2007,0.771
Trinidad and Tobago,TTO,67,2008,0.778
Trinidad and Tobago,TTO,67,2009,0.782
Trinidad and Tobago,TTO,67,2010,0.784
Trinidad and Tobago,TTO,67,2011,0.782
Trinidad and Tobago,TTO,67,2012,0.78
Trinidad and Tobago,TTO,67,2013,0.783
Trinidad and Tobago,TTO,67,2014,0.785
Trinidad and Tobago,TTO,67,2015,0.792
Trinidad and Tobago,TTO,67,2016,0.792
Trinidad and Tobago,TTO,67,2017,0.795
Trinidad and Tobago,TTO,67,2018,0.795
Trinidad and Tobago,TTO,67,2019,0.796
Tunisia,TUN,95,2000,0.651
Tunisia,TUN,95,2001,0.659
Tunisia,TUN,95,2002,0.664
Tunisia,TUN,95,2003,0.671
Tunisia,TUN,95,2004,0.681
Tunisia,TUN,95,2005,0.688
Tunisia,TUN,95,2006,0.694
Tunisia,TUN,95,2007,0.7
Tunisia,TUN,95,2008,0.707
Tunisia,TUN,95,2009,0.709
Tunisia,TUN,95,2010,0.716
Tunisia,TUN,95,2011,0.718
Tunisia,TUN,95,2012,0.72
Tunisia,TUN,95,2013,0.723
Tunisia,TUN,95,2014,0.726
Tunisia,TUN,95,2015,0.729
Tunisia,TUN,95,2016,0.731
Tunisia,TUN,95,2017,0.734
Tunisia,TUN,95,2018,0.738
Tunisia,TUN,95,2019,0.74
Turkey,TUR,54,2000,0.66
Turkey,TUR,54,2001,0.666
Turkey,TUR,54,2002,0.677
Turkey,TUR,54,2003,0.684
Turkey,TUR,54,2004,0.69
Turkey,TUR,54,2005,0.696
Turkey,TUR,54,2006,0.704
Turkey,TUR,54,2007,0.712
Turkey,TUR,54,2008,0.714
Turkey,TUR,54,2009,0.72
Turkey,TUR,54,2010,0.739
Turkey,TUR,54,2011,0.753
Turkey,TUR,54,2012,0.765
Turkey,TUR,54,2013,0.785
Turkey,TUR,54,2014,0.796
Turkey,TUR,54,2015,0.801
Turkey,TUR,54,2016,0.808
Turkey,TUR,54,2017,0.814
Turkey,TUR,54,2018,0.817
Turkey,TUR,54,2019,0.82
Turkmenistan,TKM,111,2000,..
Turkmenistan,TKM,111,2001,..
Turkmenistan,TKM,111,2002,..
Turkmenistan,TKM,111,2003,..
Turkmenistan,TKM,111,2004,..
Turkmenistan,TKM,111,2005,..
Turkmenistan,TKM,111,2006,..
Turkmenistan,TKM,111,2007,..
Turkmenistan,TKM,111,2008,..
Turkmenistan,TKM,111,2009,..
Turkmenistan,TKM,111,2010,0.666
Turkmenistan,TKM,111,2011,0.673
Turkmenistan,TKM,111,2012,0.679
Turkmenistan,TKM,111,2013,0.685
Turkmenistan,TKM,111,2014,0.689
Turkmenistan,TKM,111,2015,0.694
Turkmenistan,TKM,111,2016,0.699
Turkmenistan,TKM,111,2017,0.701
Turkmenistan,TKM,111,2018,0.71
Turkmenistan,TKM,111,2019,0.715
Uganda,UGA,159,2000,0.404
Uganda,UGA,159,2001,0.412
Uganda,UGA,159,2002,0.427
Uganda,UGA,159,2003,0.436
Uganda,UGA,159,2004,0.436
Uganda,UGA,159,2005,0.444
Uganda,UGA,159,2006,0.456
Uganda,UGA,159,2007,0.466
Uganda,UGA,159,2008,0.479
Uganda,UGA,159,2009,0.487
Uganda,UGA,159,2010,0.498
Uganda,UGA,159,2011,0.504
Uganda,UGA,159,2012,0.507
Uganda,UGA,159,2013,0.513
Uganda,UGA,159,2014,0.519
Uganda,UGA,159,2015,0.525
Uganda,UGA,159,2016,0.529
Uganda,UGA,159,2017,0.532
Uganda,UGA,159,2018,0.538
Uganda,UGA,159,2019,0.544
Ukraine,UKR,74,2000,0.694
Ukraine,UKR,74,2001,0.708
Ukraine,UKR,74,2002,0.717
Ukraine,UKR,74,2003,0.725
Ukraine,UKR,74,2004,0.732
Ukraine,UKR,74,2005,0.738
Ukraine,UKR,74,2006,0.744
Ukraine,UKR,74,2007,0.751
Ukraine,UKR,74,2008,0.755
Ukraine,UKR,74,2009,0.749
Ukraine,UKR,74,2010,0.755
Ukraine,UKR,74,2011,0.76
Ukraine,UKR,74,2012,0.764
Ukraine,UKR,74,2013,0.767
Ukraine,UKR,74,2014,0.771
Ukraine,UKR,74,2015,0.765
Ukraine,UKR,74,2016,0.768
Ukraine,UKR,74,2017,0.771
Ukraine,UKR,74,2018,0.774
Ukraine,UKR,74,2019,0.779
United Arab Emirates,ARE,31,2000,0.782
United Arab Emirates,ARE,31,2001,0.787
United Arab Emirates,ARE,31,2002,0.792
United Arab Emirates,ARE,31,2003,0.798
United Arab Emirates,ARE,31,2004,0.803
United Arab Emirates,ARE,31,2005,0.809
United Arab Emirates,ARE,31,2006,0.814
United Arab Emirates,ARE,31,2007,0.819
United Arab Emirates,ARE,31,2008,0.821
United Arab Emirates,ARE,31,2009,0.819
United Arab Emirates,ARE,31,2010,0.82
United Arab Emirates,ARE,31,2011,0.826
United Arab Emirates,ARE,31,2012,0.832
United Arab Emirates,ARE,31,2013,0.838
United Arab Emirates,ARE,31,2014,0.847
United Arab Emirates,ARE,31,2015,0.859
United Arab Emirates,ARE,31,2016,0.864
United Arab Emirates,ARE,31,2017,0.881
United Arab Emirates,ARE,31,2018,0.889
United Arab Emirates,ARE,31,2019,0.89
United Kingdom,GBR,13,2000,0.874
United Kingdom,GBR,13,2001,0.878
United Kingdom,GBR,13,2002,0.881
United Kingdom,GBR,13,2003,0.885
United Kingdom,GBR,13,2004,0.892
United Kingdom,GBR,13,2005,0.897
United Kingdom,GBR,13,2006,0.896
United Kingdom,GBR,13,2007,0.899
United Kingdom,GBR,13,2008,0.903
United Kingdom,GBR,13,2009,0.906
United Kingdom,GBR,13,2010,0.912
United Kingdom,GBR,13,2011,0.906
United Kingdom,GBR,13,2012,0.904
United Kingdom,GBR,13,2013,0.921
United Kingdom,GBR,13,2014,0.925
United Kingdom,GBR,13,2015,0.923
United Kingdom,GBR,13,2016,0.924
United Kingdom,GBR,13,2017,0.926
United Kingdom,GBR,13,2018,0.928
United Kingdom,GBR,13,2019,0.932
United States,USA,17,2000,0.886
United States,USA,17,2001,0.889
United States,USA,17,2002,0.891
United States,USA,17,2003,0.894
United States,USA,17,2004,0.897
United States,USA,17,2005,0.9
United States,USA,17,2006,0.903
United States,USA,17,2007,0.906
United States,USA,17,2008,0.911
United States,USA,17,2009,0.912
United States,USA,17,2010,0.916
United States,USA,17,2011,0.919
United States,USA,17,2012,0.92
United States,USA,17,2013,0.918
United States,USA,17,2014,0.92
United States,USA,17,2015,0.921
United States,USA,17,2016,0.922
United States,USA,17,2017,0.924
United States,USA,17,2018,0.925
United States,USA,17,2019,0.926
Uruguay,URY,55,2000,0.743
Uruguay,URY,55,2001,0.747
Uruguay,URY,55,2002,0.749
Uruguay,URY,55,2003,0.752
Uruguay,URY,55,2004,0.755
Uruguay,URY,55,2005,0.758
Uruguay,URY,55,2006,0.763
Uruguay,URY,55,2007,0.765
Uruguay,URY,55,2008,0.769
Uruguay,URY,55,2009,0.775
Uruguay,URY,55,2010,0.782
Uruguay,URY,55,2011,0.789
Uruguay,URY,55,2012,0.793
Uruguay,URY,55,2013,0.8
Uruguay,URY,55,2014,0.803
Uruguay,URY,55,2015,0.806
Uruguay,URY,55,2016,0.81
Uruguay,URY,55,2017,0.814
Uruguay,URY,55,2018,0.816
Uruguay,URY,55,2019,0.817
Uzbekistan,UZB,106,2000,0.599
Uzbekistan,UZB,106,2001,0.607
Uzbekistan,UZB,106,2002,0.614
Uzbekistan,UZB,106,2003,0.619
Uzbekistan,UZB,106,2004,0.626
Uzbekistan,UZB,106,2005,0.633
Uzbekistan,UZB,106,2006,0.637
Uzbekistan,UZB,106,2007,0.649
Uzbekistan,UZB,106,2008,0.653
Uzbekistan,UZB,106,2009,0.66
Uzbekistan,UZB,106,2010,0.669
Uzbekistan,UZB,106,2011,0.676
Uzbekistan,UZB,106,2012,0.685
Uzbekistan,UZB,106,2013,0.692
Uzbekistan,UZB,106,2014,0.696
Uzbekistan,UZB,106,2015,0.701
Uzbekistan,UZB,106,2016,0.705
Uzbekistan,UZB,106,2017,0.713
Uzbekistan,UZB,106,2018,0.717
Uzbekistan,UZB,106,2019,0.72
Vanuatu,VUT,140,2000,..
Vanuatu,VUT,140,2001,..
Vanuatu,VUT,140,2002,..
Vanuatu,VUT,140,2003,..
Vanuatu,VUT,140,2004,..
Vanuatu,VUT,140,2005,0.574
Vanuatu,VUT,140,2006,0.58
Vanuatu,VUT,140,2007,0.583
Vanuatu,VUT,140,2008,0.589
Vanuatu,VUT,140,2009,0.589
Vanuatu,VUT,140,2010,0.59
Vanuatu,VUT,140,2011,0.591
Vanuatu,VUT,140,2012,0.591
Vanuatu,VUT,140,2013,0.593
Vanuatu,VUT,140,2014,0.594
Vanuatu,VUT,140,2015,0.598
Vanuatu,VUT,140,2016,0.598
Vanuatu,VUT,140,2017,0.601
Vanuatu,VUT,140,2018,0.603
Vanuatu,VUT,140,2019,0.609
Vietnam,VNM,117,2000,0.586
Vietnam,VNM,117,2001,0.594
Vietnam,VNM,117,2002,0.602
Vietnam,VNM,117,2003,0.611
Vietnam,VNM,117,2004,0.62
Vietnam,VNM,117,2005,0.624
Vietnam,VNM,117,2006,0.632
Vietnam,VNM,117,2007,0.64
Vietnam,VNM,117,2008,0.647
Vietnam,VNM,117,2009,0.659
Vietnam,VNM,117,2010,0.661
Vietnam,VNM,117,2011,0.671
Vietnam,VNM,117,2012,0.676
Vietnam,VNM,117,2013,0.681
Vietnam,VNM,117,2014,0.683
Vietnam,VNM,117,2015,0.688
Vietnam,VNM,117,2016,0.693
Vietnam,VNM,117,2017,0.696
Vietnam,VNM,117,2018,0.7
Vietnam,VNM,117,2019,0.704
Yemen,YEM,179,2000,0.444
Yemen,YEM,179,2001,0.453
Yemen,YEM,179,2002,0.461
Yemen,YEM,179,2003,0.47
Yemen,YEM,179,2004,0.477
Yemen,YEM,179,2005,0.483
Yemen,YEM,179,2006,0.488
Yemen,YEM,179,2007,0.492
Yemen,YEM,179,2008,0.495
Yemen,YEM,179,2009,0.502
Yemen,YEM,179,2010,0.506
Yemen,YEM,179,2011,0.506
Yemen,YEM,179,2012,0.504
Yemen,YEM,179,2013,0.509
Yemen,YEM,179,2014,0.502
Yemen,YEM,179,2015,0.483
Yemen,YEM,179,2016,0.474
Yemen,YEM,179,2017,0.467
Yemen,YEM,179,2018,0.468
Yemen,YEM,179,2019,0.47
Zambia,ZMB,146,2000,0.425
Zambia,ZMB,146,2001,0.432
Zambia,ZMB,146,2002,0.441
Zambia,ZMB,146,2003,0.451
Zambia,ZMB,146,2004,0.46
Zambia,ZMB,146,2005,0.471
Zambia,ZMB,146,2006,0.482
Zambia,ZMB,146,2007,0.488
Zambia,ZMB,146,2008,0.503
Zambia,ZMB,146,2009,0.517
Zambia,ZMB,146,2010,0.527
Zambia,ZMB,146,2011,0.534
Zambia,ZMB,146,2012,0.549
Zambia,ZMB,146,2013,0.557
Zambia,ZMB,146,2014,0.561
Zambia,ZMB,146,2015,0.569
Zambia,ZMB,146,2016,0.571
Zambia,ZMB,146,2017,0.578
Zambia,ZMB,146,2018,0.582
Zambia,ZMB,146,2019,0.584
Zimbabwe,ZWE,150,2000,0.43
Zimbabwe,ZWE,150,2001,0.431
Zimbabwe,ZWE,150,2002,0.423
Zimbabwe,ZWE,150,2003,0.414
Zimbabwe,ZWE,150,2004,0.411
Zimbabwe,ZWE,150,2005,0.411
Zimbabwe,ZWE,150,2006,0.414
Zimbabwe,ZWE,150,2007,0.421
Zimbabwe,ZWE,150,2008,0.422
Zimbabwe,ZWE,150,2009,0.458
Zimbabwe,ZWE,150,2010,0.482
Zimbabwe,ZWE,150,2011,0.499
Zimbabwe,ZWE,150,2012,0.525
Zimbabwe,ZWE,150,2013,0.537
Zimbabwe,ZWE,150,2014,0.547
Zimbabwe,ZWE,150,2015,0.553
Zimbabwe,ZWE,150,2016,0.558
Zimbabwe,ZWE,150,2017,0.563
Zimbabwe,ZWE,150,2018,0.569
Zimbabwe,ZWE,150,2019,0.571
